,3 Digit Zip,Longitude,Latitude,Sales,Cluster
0,100,-73.97458195,40.76808433,16525,0
1,101,-73.97760039,40.76168234,952,0
2,102,-74.00738938,40.72146537,212,0
3,103,-74.14622654,40.58806385,7627,0
4,104,-73.8771464,40.849199,9549,0
5,105,-73.77360731,41.19656726,8727,0
6,106,-73.77082667,41.034396,1036,0
7,107,-73.8431286,40.9665854,2284,0
8,108,-73.790225,40.9156635,1052,0
9,109,-74.16635157,41.2592059,5381,0
10,110,-73.7019968,40.75341493,3335,0
11,111,-73.91492843,40.74449529,3101,0
12,112,-73.95467493,40.65212865,21325,0
13,113,-73.8362677,40.74184344,9514,0
14,114,-73.79252044,40.69142988,5536,0
15,115,-73.63702567,40.71208988,9945,0
16,116,-73.82624,40.585315,1167,0
17,117,-73.20676682,40.810917,23601,0
18,118,-73.48684,40.769548,1035,0
19,119,-72.55096409,40.92517967,4335,0
20,120,-73.9661478,42.68715965,4026,0
21,121,-73.92001123,42.68205924,3117,0
22,122,-73.81239377,42.66302677,1047,0
23,123,-73.93423875,42.80541137,1588,0
24,124,-74.21208817,42.07532145,1636,0
25,125,-73.85631848,41.77729382,5959,0
26,126,-73.8219295,41.72302825,1034,0
27,127,-74.76331144,41.68893993,815,0
28,128,-73.72121595,43.47579556,1502,0
29,129,-73.90611061,44.56721299,1727,0
30,130,-76.18072782,42.99591098,3405,0
31,131,-76.26218514,43.06910665,1556,0
32,132,-76.15135163,43.05203775,1797,0
33,133,-75.23516328,43.17272872,1295,0
34,134,-75.25232836,43.11916946,1678,0
35,135,-75.224825,43.101094,335,0
36,136,-75.53418261,44.28913275,2287,0
37,137,-75.45673243,42.25545124,1337,0
38,138,-75.58232185,42.34605694,1240,0
39,139,-75.892642,42.1115156,588,0
40,140,-78.62953007,42.8021456,4643,0
41,141,-78.69663574,42.80510282,2193,0
42,142,-78.83528476,42.89939214,4794,0
43,143,-78.9814942,43.1432422,322,0
44,144,-77.63998505,42.95232993,3475,0
45,145,-77.50938968,42.92072381,3794,0
46,146,-77.62491,43.17943168,3847,0
47,147,-78.87281126,42.2095063,1327,0
48,148,-77.15144905,42.29802152,2458,0
49,149,-76.8194825,42.0952615,368,0
50,150,-80.06801499,40.45642696,4630,0
51,151,-79.9255063,40.41959774,3623,0
52,152,-79.98847267,40.4432562,6933,0
53,153,-80.16479,40.02998729,2115,0
54,154,-79.74552431,39.95656751,1181,0
55,155,-78.88342697,39.98344356,820,0
56,156,-79.52328136,40.32179594,3476,0
57,157,-79.02731593,40.73223033,991,0
58,158,-78.70174366,41.25802097,683,0
59,159,-78.8566635,40.3569554,1364,0
60,160,-79.88518667,40.92430406,2480,0
61,161,-80.34669482,41.16586644,1521,0
62,162,-79.39804713,40.98420045,974,0
63,163,-79.59963956,41.55052674,1097,0
64,164,-80.03759823,41.90079906,999,0
65,165,-80.08630969,42.12459469,1273,0
66,166,-78.35237533,40.48535183,1754,0
67,167,-78.48350294,41.82506041,358,0
68,168,-78.00764965,40.93944777,2024,0
69,169,-77.27863,41.82652603,669,0
70,170,-77.0439722,40.41100561,7169,0
71,171,-76.84644111,40.27776178,1357,0
72,172,-77.77911674,40.0096112,1703,0
73,173,-76.84904002,39.90634089,3172,0
74,174,-76.69936,39.95657383,1205,0
75,175,-76.24929006,40.04480238,3228,0
76,176,-76.31504025,40.050659,1413,0
77,177,-77.05125588,41.280575,1341,0
78,178,-76.7813451,40.88116284,2536,0
79,179,-76.27682143,40.71159869,1599,0
80,180,-75.4627372,40.6307085,5672,0
81,181,-75.50995429,40.60716871,969,0
82,182,-75.95317058,40.9251777,1476,0
83,183,-75.25460322,41.07545933,1723,0
84,184,-75.39558784,41.54985229,2112,0
85,185,-75.67117545,41.40932682,833,0
86,186,-76.03623408,41.31554936,1877,0
87,187,-75.89177683,41.2488585,1340,0
88,188,-76.15546448,41.82925883,738,0
89,189,-75.1480442,40.34051861,4569,0
90,190,-75.21010385,40.01382266,12620,0
91,191,-75.145094,39.99854094,9152,0
92,193,-75.71980495,39.93290303,4684,0
93,194,-75.43030474,40.18222318,6215,0
94,195,-75.89764833,40.40683322,2132,0
95,196,-75.94048845,40.344873,1516,0
96,197,-75.6301943,39.62271445,3953,0
97,198,-75.56903791,39.75996645,2376,0
98,199,-75.43239737,38.83771018,5160,0
99,200,-77.02162907,38.9088912,6706,0
100,201,-77.60276239,38.92885946,10344,0
101,202,-77.02140517,38.88969983,9,0
102,203,-77.014647,38.893311,3,0
103,204,-77.0270182,38.8962326,6,0
104,205,-77.01965836,38.89375279,34,0
105,206,-76.71831042,38.39607641,4338,0
106,207,-76.80852209,38.90944814,7831,0
107,208,-77.16375898,39.11817728,8473,0
108,209,-77.0141425,39.03855825,2809,0
109,210,-76.56756012,39.34425673,9405,0
110,211,-76.65605423,39.40247284,5891,0
111,212,-76.60715577,39.31454123,9278,0
112,214,-76.5181344,38.9869384,933,0
113,215,-78.99105443,39.59745665,963,0
114,216,-76.05237271,38.86266982,2192,0
115,217,-77.48205493,39.48897178,5431,0
116,218,-75.59897047,38.2847795,1580,0
117,219,-75.95733143,39.56064914,1163,0
118,220,-77.25093128,38.827111,4425,0
119,221,-77.29472648,38.77209519,4654,0
120,222,-77.10265273,38.87786745,2779,0
121,223,-77.09365714,38.79132564,3497,0
122,224,-77.02575537,38.11311752,2127,0
123,225,-77.11155604,38.06199978,1550,0
124,226,-78.2223374,39.02032883,1828,0
125,227,-78.04959319,38.47837094,745,0
126,228,-78.81248493,38.559455,1294,0
127,229,-78.60243597,38.00955472,2565,0
128,230,-77.14539142,37.59822971,2201,0
129,231,-77.03650619,37.54814715,3906,0
130,232,-77.50365283,37.55130871,3458,0
131,233,-75.95246779,37.36181757,3127,0
132,234,-76.02736893,37.22895639,5159,0
133,235,-76.26360169,36.89305594,1523,0
134,236,-76.43566804,37.09651117,3247,0
135,237,-76.34814083,36.83603217,590,0
136,238,-77.41602594,36.96432604,2975,0
137,239,-78.41230926,37.011239,748,0
138,240,-80.07812814,37.13068,2920,0
139,241,-80.13858115,37.06763893,1817,0
140,242,-82.491465,36.83810552,1301,3
141,243,-81.09766324,36.83579884,1088,3
142,244,-79.36680817,38.08347346,1554,0
143,245,-79.12472737,37.13687435,2336,0
144,246,-81.79607672,37.21133844,468,3
145,247,-81.19142667,37.38507017,257,0
146,248,-81.67666806,37.48641142,198,3
147,249,-80.414727,37.86120047,379,0
148,250,-81.48342514,38.22800012,626,0
149,251,-81.539792,38.2468352,693,0
150,252,-81.56325774,38.61907658,529,0
151,253,-81.61591259,38.34474682,1203,0
152,254,-78.08543341,39.41015273,1389,0
153,255,-82.17180667,38.28991631,1201,0
154,256,-82.02845949,37.77013384,420,3
155,257,-82.40051114,38.41275429,475,5
156,258,-81.21525036,37.77297991,394,0
157,259,-81.06911439,37.75679365,203,0
158,260,-80.63447682,40.17910355,953,0
159,261,-81.28170435,39.21985448,720,0
160,262,-80.04896694,38.76689394,465,0
161,263,-80.52668462,39.18338535,593,0
162,264,-80.35117286,39.2473741,328,0
163,265,-80.10520479,39.57934994,1586,0
164,266,-80.78186087,38.47489965,215,0
165,267,-78.96592261,39.34979439,464,0
166,268,-79.03503783,38.9444693,297,0
167,270,-80.40141106,36.25040894,2212,3
168,271,-80.25836,36.08929333,1498,3
169,272,-79.67007549,35.89478046,3530,3
170,273,-79.63359371,35.91471397,2384,3
171,274,-79.89982406,36.08128519,1836,3
172,275,-78.5836052,35.8697568,11683,0
173,276,-78.644883,35.82212489,4715,0
174,277,-78.89165783,36.01708158,2014,0
175,278,-77.42388381,35.92399119,2891,0
176,279,-76.17246935,36.10001628,1604,0
177,280,-81.02661149,35.38170147,5450,3
178,281,-80.79638117,35.30246638,4919,3
179,282,-80.82268339,35.21603476,7008,3
180,283,-78.97006645,34.9931752,4207,3
181,284,-78.21467018,34.30110161,4098,3
182,285,-77.1099857,35.0052542,3924,0
183,286,-81.33620235,36.08159526,3748,3
184,287,-82.73621057,35.43310063,4801,3
185,288,-82.55249689,35.590373,1009,3
186,289,-83.91111667,35.08692667,382,3
187,290,-80.85140889,33.94152031,3250,3
188,291,-80.88656336,33.86663917,2005,3
189,292,-80.99403669,34.02929719,1921,3
190,293,-81.91588967,34.83466383,2372,3
191,294,-80.09519278,32.97574062,5774,3
192,295,-79.40192671,34.04172016,4280,3
193,296,-82.56580165,34.69247301,6321,3
194,297,-80.94362462,34.87264427,3080,3
195,298,-81.77223,33.54547455,1143,3
196,299,-80.88033344,32.502604,1999,3
197,300,-84.15412238,33.8663381,14917,3
198,301,-84.85725766,34.01790605,8846,3
199,302,-84.46556395,33.3203216,5831,3
200,303,-84.38514402,33.79970247,6829,3
201,304,-82.1614005,32.44140505,937,3
202,305,-83.73514169,34.51349984,5198,3
203,306,-83.27078202,33.89472684,2872,3
204,307,-85.11085468,34.73634223,1650,3
205,308,-82.3903965,33.3602679,1629,3
206,309,-82.060769,33.43752338,949,3
207,310,-83.46107227,32.593062,2686,3
208,311,-84.47405,33.844371,3,3
209,312,-83.66953927,32.82888545,706,3
210,313,-81.414446,31.95747629,1850,3
211,314,-81.09527533,32.01897873,1436,3
212,315,-82.14889802,31.3592087,1755,3
213,316,-83.19540672,30.99198353,950,3
214,317,-83.86297794,31.50510385,1411,3
215,318,-84.71470542,32.55016608,532,3
216,319,-84.9311247,32.4743009,793,3
217,320,-82.16679962,30.16393772,4819,3
218,321,-81.4597207,29.28669204,4248,3
219,322,-81.63093265,30.29971643,5771,3
220,323,-84.25879648,30.33507811,2294,3
221,324,-85.55391569,30.49935913,2397,3
222,325,-86.97168014,30.57162343,4748,3
223,326,-82.48263035,29.58806858,2307,3
224,327,-81.30577019,28.77704146,6953,3
225,328,-81.31054256,28.51062016,5854,3
226,329,-80.60505309,28.04447256,5152,3
227,330,-80.4459976,25.75409745,8468,3
228,331,-80.28756185,25.75480246,11687,3
229,332,-80.458168,25.558428,5,3
230,333,-80.24646019,26.12977106,4564,3
231,334,-80.23765983,26.6352422,10490,3
232,335,-82.27930667,28.13232292,5776,3
233,336,-82.47431453,27.97853822,4560,3
234,337,-82.7319959,27.86637187,5677,3
235,338,-81.67833954,27.88078012,4919,3
236,339,-81.92316257,26.71923002,5833,3
237,341,-81.62919146,26.14389179,2568,3
238,342,-82.44480914,27.31821686,5832,3
239,344,-82.30068643,29.02742893,3165,3
240,346,-82.60539541,28.29705762,5002,3
241,347,-81.56662479,28.47042912,5484,3
242,349,-80.39213216,27.3045708,2914,3
243,350,-86.72587694,33.57249188,2756,3
244,351,-86.60782185,33.49475341,2350,3
245,352,-86.80997291,33.50672003,2872,3
246,354,-87.75263182,33.12646058,1233,3
247,355,-87.65349972,33.98978931,562,3
248,356,-87.32023447,34.69522294,1721,3
249,357,-86.33727259,34.72710031,2106,3
250,358,-86.58428367,34.71341573,1253,3
251,359,-85.93542158,34.29513918,1149,3
252,360,-86.15980421,32.14309353,1434,3
253,361,-86.26238627,32.33792927,805,3
254,362,-85.69126521,33.55147154,801,3
255,363,-85.53226858,31.30056985,1271,3
256,364,-87.06068533,31.40424693,504,3
257,365,-87.95201582,30.83406043,2277,3
258,366,-88.12882039,30.68729087,1167,3
259,367,-87.34137031,32.34029453,384,3
260,368,-85.33376921,32.58804331,1302,3
261,369,-88.249338,32.148824,51,3
262,370,-86.85682335,36.11779085,7023,5
263,371,-86.68083853,36.05807449,4936,5
264,372,-86.78552345,36.16184721,3765,5
265,373,-85.34779716,35.26110997,3586,3
266,374,-85.26964082,35.06087959,1004,3
267,376,-82.35434024,36.37777259,2743,3
268,377,-83.88725328,36.1454077,1723,3
269,378,-83.77837333,36.08774871,2688,3
270,379,-83.96083691,35.97031018,2141,3
271,380,-89.45296983,35.47366914,2439,5
272,381,-89.9375524,35.13495666,2889,5
273,382,-88.68965452,36.268173,567,5
274,383,-88.50269514,35.60425684,1094,5
275,384,-87.31034806,35.30543803,745,3
276,385,-85.42927788,36.18385312,1172,3
277,386,-89.71062106,34.62161043,2158,5
278,387,-90.78094115,33.5919113,308,2
279,388,-88.61123829,34.32862354,782,3
280,389,-89.92881909,33.78313036,449,3
281,390,-90.12285536,32.44194691,1319,3
282,391,-90.16724486,32.35593059,1363,3
283,392,-90.24964324,32.30910635,691,3
284,393,-88.80714973,32.40341062,660,3
285,394,-89.30272605,31.33742122,1775,3
286,395,-89.00791341,30.44906879,2483,3
287,396,-90.54611833,31.33939738,377,3
288,397,-88.90109756,33.53761396,840,3
289,400,-85.32102857,38.13704637,2119,5
290,401,-86.15351266,37.86357278,1122,5
291,402,-85.69052852,38.20586042,4277,5
292,403,-84.22361376,38.0429563,2647,5
293,404,-84.40418517,37.49160174,1000,5
294,405,-84.49487652,38.02872038,2187,5
295,406,-84.8720795,38.217891,427,5
296,407,-84.08159217,36.98359117,601,3
297,408,-83.28720525,36.89259054,131,3
298,409,-83.71106846,36.93722967,298,3
299,410,-84.43379955,38.80164257,4381,5
300,411,-82.92424828,38.37398404,624,5
301,412,-82.71216642,37.85459069,213,5
302,413,-83.44254793,37.58483957,242,5
303,414,-83.201515,37.855897,136,5
304,415,-82.33925697,37.46870682,333,3
305,416,-82.73314083,37.50331929,144,3
306,417,-83.21810427,37.24660673,195,3
307,418,-82.85825417,37.22272521,134,3
308,420,-88.57279976,36.88391329,1498,5
309,421,-86.05814444,36.87442185,1472,5
310,422,-86.97335497,36.95223953,844,5
311,423,-87.00294832,37.46886394,667,5
312,424,-87.65009415,37.51062941,805,5
313,425,-84.7122806,37.1473436,325,5
314,426,-84.71293444,36.79806156,246,3
315,427,-85.81234545,37.39173864,1275,5
316,430,-82.93471311,40.16527368,6826,5
317,431,-82.90182317,39.68934939,3072,5
318,432,-82.98640379,39.99264724,4732,5
319,433,-83.39805032,40.52164314,854,5
320,434,-83.31103349,41.4435693,992,5
321,435,-84.13925539,41.47282228,2282,5
322,436,-83.56450667,41.66424128,1594,5
323,437,-81.7444452,39.84740202,958,0
324,438,-81.87363733,40.25292487,247,0
325,439,-80.82928748,40.22332198,1125,0
326,440,-81.3828798,41.54388755,6079,0
327,441,-81.66695245,41.45729062,6670,0
328,442,-81.6011568,41.11715058,4060,0
329,443,-81.53278222,41.0753185,1339,0
330,444,-80.75140896,41.09946763,2269,0
331,445,-80.66103333,41.0872315,801,0
332,446,-81.47481469,40.68646405,2728,0
333,447,-81.37577571,40.81796829,1110,0
334,448,-82.74765396,41.03973648,1634,5
335,449,-82.52921667,40.74613467,304,5
336,450,-84.47617238,39.40084387,5167,5
337,451,-83.94249262,39.11983123,2700,5
338,452,-84.49188204,39.17063788,6203,5
339,453,-84.29811302,39.99410298,2898,5
340,454,-84.17752847,39.74554023,2681,5
341,455,-83.810018,39.9275446,418,5
342,456,-82.78447444,38.92624561,1718,5
343,457,-81.80759711,39.34338766,711,0
344,458,-84.19114996,40.82429103,1865,5
345,460,-86.05785688,40.14392185,4008,5
346,461,-86.15637459,39.6539413,4017,5
347,462,-86.14091525,39.80467545,4886,5
348,463,-87.17687349,41.44316647,5922,5
349,464,-87.3322457,41.5699393,480,5
350,465,-86.04626293,41.4595028,2961,5
351,466,-86.25329,41.6809282,692,5
352,467,-85.19701236,41.19593355,2163,5
353,468,-85.14432938,41.0809745,1940,5
354,469,-86.07277327,40.709354,1448,5
355,470,-85.0605325,39.17304004,1080,5
356,471,-86.01173636,38.39271029,2026,5
357,472,-85.76018786,39.03262746,882,5
358,473,-85.22636776,40.07715336,1673,5
359,474,-86.68465394,39.04498257,1660,5
360,475,-87.00327674,38.42895902,975,5
361,476,-87.4775976,38.15744212,1035,5
362,477,-87.56219055,37.99772782,1118,5
363,478,-87.29760467,39.47071449,736,5
364,479,-87.05240795,40.44128507,1912,5
365,480,-82.90878076,42.68319176,10502,5
366,481,-83.49401138,42.21679531,14163,5
367,482,-83.10585015,42.36873444,3381,5
368,483,-83.32632581,42.63430266,9257,5
369,484,-83.29046058,43.24762281,4328,5
370,485,-83.680758,43.0135003,668,5
371,486,-84.29487055,43.85873549,2943,5
372,487,-83.55122988,43.95057967,1502,5
373,488,-84.70098933,43.02071767,4980,5
374,489,-84.54121413,42.7105845,1003,5
375,490,-85.59406194,42.20436996,4955,5
376,491,-86.43938789,41.88546242,758,5
377,492,-84.33556909,42.04935638,2448,5
378,493,-85.53854675,43.24430807,3101,5
379,494,-86.14570148,43.26991456,3977,5
380,495,-85.637567,42.95184057,2605,5
381,496,-85.62446022,44.53107151,2106,5
382,497,-84.50656629,45.53520111,1311,5
383,498,-87.18252053,46.07381622,1234,5
384,499,-88.82947205,46.75171031,733,5
385,500,-93.76176636,41.63600697,1588,5
386,501,-93.46533595,41.5872397,1162,5
387,502,-93.57985386,41.65743409,1908,5
388,503,-93.64513425,41.59519269,1738,5
389,504,-93.37284696,43.16368702,513,5
390,505,-94.42315224,42.72848481,619,5
391,506,-92.44824823,42.60755715,1270,5
392,507,-92.3266325,42.48523625,287,5
393,508,-94.54979143,40.98412776,283,5
394,510,-95.89939245,42.57534176,662,5
395,511,-96.38957388,42.4932265,460,2
396,512,-96.05896611,43.27515672,290,5
397,513,-95.14874053,43.27007995,229,5
398,514,-95.08299296,42.10057593,364,5
399,515,-95.54399041,41.43797522,761,2
400,516,-95.3452846,40.74289567,165,2
401,520,-90.98709515,42.49734755,1003,5
402,521,-91.71298033,43.16343577,475,5
403,522,-91.7597237,41.8947262,985,5
404,523,-91.74360929,41.91415429,1240,5
405,524,-91.67452833,41.99270433,901,5
406,525,-92.46153231,40.98888246,477,5
407,526,-91.42173516,40.88523968,441,5
408,527,-90.7999986,41.6439034,1159,5
409,528,-90.58598167,41.54359017,547,5
410,530,-88.21758257,43.45001756,5303,5
411,531,-88.22896483,42.76047137,5714,5
412,532,-87.95193848,43.04853116,4752,5
413,534,-87.817188,42.73203,972,5
414,535,-89.59832273,42.95247775,4884,5
415,537,-89.39629229,43.07556371,2014,5
416,538,-90.77593142,42.86738558,351,5
417,539,-89.55171512,43.61586727,1258,5
418,540,-92.48780708,45.07892021,1383,5
419,541,-88.22601538,44.87167496,1712,5
420,542,-87.55418769,44.58219923,804,5
421,543,-88.019596,44.50494957,1153,5
422,544,-89.79902719,44.88191323,2897,5
423,545,-89.861076,45.9113604,544,5
424,546,-90.94649276,43.86885625,2030,5
425,547,-91.58119931,44.84075161,1981,5
426,548,-91.65663983,46.03205771,1368,5
427,549,-88.83242091,44.19548248,3156,5
428,550,-93.03700741,45.02237978,6108,5
429,551,-93.10362871,44.94869348,5644,5
430,553,-93.88402548,44.97421287,9236,5
431,554,-93.31388151,44.98370592,8579,5
432,556,-90.95440273,47.55343236,196,5
433,557,-92.75745792,47.14783431,1157,5
434,558,-92.129584,46.797588,1097,5
435,559,-92.30544925,43.89166518,2786,5
436,560,-93.96823878,44.00943834,1986,5
437,561,-95.6434254,43.88591374,540,5
438,562,-95.65126549,45.02527349,710,5
439,563,-94.68034814,45.76847949,1544,5
440,564,-94.48819041,46.55571505,811,5
441,565,-96.10675092,46.83138571,1150,5
442,566,-94.50075959,47.77937308,417,5
443,567,-96.32596487,48.39507433,570,5
444,570,-97.00531306,43.4738246,1315,2
445,571,-96.74763,43.56635844,1092,5
446,572,-97.1174507,44.99819723,330,5
447,573,-98.35079729,43.76053117,486,2
448,574,-98.76818988,45.3595615,305,2
449,575,-100.4579559,43.732673,278,2
450,576,-101.4734789,45.51223889,108,2
451,577,-103.1673646,44.15311651,1159,2
452,580,-97.30781213,46.6679154,853,5
453,581,-96.98033117,46.89732033,769,5
454,582,-97.59012384,48.17808776,803,5
455,583,-99.24112553,48.34035774,336,5
456,584,-99.07094794,46.9545501,367,5
457,585,-100.9333244,46.84194633,953,2
458,586,-102.9713242,46.76955646,416,2
459,587,-101.6194341,48.38211883,592,2
460,588,-103.5191724,48.18901907,445,2
461,590,-108.8869679,45.83264498,570,4
462,591,-108.4787756,45.8217208,600,4
463,592,-105.3038733,48.186825,382,4
464,593,-105.4895995,46.3227861,306,2
465,594,-111.2691641,47.77369331,837,4
466,595,-109.408163,48.50469485,199,4
467,596,-111.8849592,46.55288123,336,4
468,597,-111.9843913,45.65497472,1472,4
469,598,-114.238519,47.0354966,1586,4
470,599,-114.4496325,48.32784592,868,4
471,600,-88.01470142,42.22921803,13761,5
472,601,-88.23864731,41.97373128,10459,5
473,602,-87.6948892,42.001231,706,5
474,603,-87.775522,41.8720864,792,5
475,604,-87.91373521,41.52082868,11007,5
476,605,-88.30501882,41.741214,7783,5
477,606,-87.67487193,41.86513612,17281,5
478,607,-87.7939975,41.98114275,771,5
479,608,-87.7068,41.72247325,738,5
480,609,-87.9569598,40.82957062,1371,5
481,610,-89.51991444,42.20444998,2374,5
482,611,-89.07746579,42.2900565,1409,5
483,612,-90.35462367,41.49444726,1206,5
484,613,-89.1942272,41.31841498,849,5
485,614,-90.40395035,40.84637144,877,5
486,615,-89.69881357,40.69317538,1756,5
487,616,-89.61354035,40.70396224,983,5
488,617,-88.92627583,40.52360348,1760,5
489,618,-88.1333962,40.09926122,1846,5
490,619,-88.20984271,39.67184146,646,5
491,620,-89.9868397,39.04342603,3380,5
492,622,-89.80090922,38.43689447,4450,5
493,623,-91.04227198,39.99135614,558,5
494,624,-88.23027895,39.04455849,805,5
495,625,-89.22366745,39.69724913,1058,5
496,626,-89.98323044,39.8399488,1350,5
497,627,-89.65467,39.7854292,754,5
498,628,-88.7086163,38.33467831,1196,5
499,629,-88.93165518,37.57939106,1076,5
500,630,-90.67846028,38.44847109,6540,5
501,631,-90.29977705,38.63671914,6265,5
502,633,-91.03661041,38.967987,5116,5
503,634,-91.75641414,39.95516707,324,5
504,635,-92.54266846,40.21417915,230,5
505,636,-90.61322419,37.66952252,608,5
506,637,-89.75376107,37.32039163,582,5
507,638,-89.79022267,36.49328357,439,5
508,639,-90.49109333,36.80002543,266,5
509,640,-94.21837763,39.08380979,4857,2
510,641,-94.55361638,39.11046692,3359,2
511,644,-94.72132281,40.08589341,855,2
512,645,-94.83765343,39.74864714,488,2
513,646,-93.58974091,39.85989368,494,5
514,647,-94.20861854,38.10244632,595,2
515,648,-94.34356043,36.94779497,1042,2
516,650,-92.27039708,38.447652,763,5
517,651,-92.213894,38.545035,299,5
518,652,-92.36450836,39.19138236,1934,5
519,653,-93.2458969,38.75281562,482,5
520,654,-91.77023791,37.67849683,415,5
521,655,-91.93304463,37.65527504,708,5
522,656,-93.1906316,37.07077642,1306,2
523,657,-93.06475691,37.09739402,1782,2
524,658,-93.28414571,37.18480471,1170,2
525,660,-95.12136154,38.91862294,3777,2
526,661,-94.70049438,39.10277685,592,2
527,662,-94.72380456,38.95465804,3328,2
528,664,-96.05003857,39.3976516,566,2
529,665,-96.10086188,39.3010853,718,2
530,666,-95.71409084,39.03906511,982,2
531,667,-95.087925,37.62482343,711,2
532,668,-96.36097117,38.39874823,364,2
533,669,-97.68728667,39.75801842,149,2
534,670,-97.62862264,37.53763034,1285,2
535,671,-97.49894242,37.60199288,705,2
536,672,-97.34016774,37.68806668,2174,2
537,673,-95.74971524,37.20411662,280,2
538,674,-97.73369158,38.90788735,629,2
539,675,-98.63602641,38.18019979,587,2
540,676,-99.38740415,39.34036985,315,2
541,677,-101.043751,39.34007629,183,2
542,678,-100.6375063,37.80032991,421,2
543,679,-101.3378675,37.143013,80,2
544,680,-96.44025163,41.45797637,1741,2
545,681,-96.047334,41.24643621,3662,2
546,683,-96.88792746,40.47838051,709,2
547,684,-96.60794727,40.5421921,601,2
548,685,-96.68286512,40.81882308,1940,2
549,686,-97.55564859,41.47162185,355,2
550,687,-97.69625889,42.39646368,773,2
551,688,-98.86130888,41.12662479,716,2
552,689,-98.82540477,40.37655389,384,2
553,690,-100.9292553,40.36349458,135,2
554,691,-101.6800706,41.2380715,400,2
555,692,-100.7582486,42.77185071,60,2
556,693,-103.0365573,42.15986164,301,2
557,700,-90.19995737,29.87729684,3989,3
558,701,-90.02451927,29.98877035,2938,3
559,703,-90.75333581,29.65614468,1680,3
560,704,-90.21594621,30.55844274,3086,3
561,705,-92.14405777,30.21248428,2982,2
562,706,-93.17766202,30.3928161,1607,2
563,707,-91.17719339,30.50860576,2867,2
564,708,-91.1143392,30.4540131,1597,2
565,710,-93.54810386,32.4931245,975,2
566,711,-93.75500056,32.49115439,1304,2
567,712,-92.0559504,32.55989622,1407,2
568,713,-91.98542264,31.33062559,897,2
569,714,-92.85070282,31.55468754,1020,2
570,716,-91.74514929,33.71665084,700,2
571,717,-92.77930591,33.46528032,381,2
572,718,-93.845146,33.66363042,537,2
573,719,-93.59600632,34.39074332,861,2
574,720,-92.01789364,34.91269267,2133,2
575,721,-92.15940217,34.96304088,1514,2
576,722,-92.36326046,34.75401346,948,2
577,723,-90.52325588,35.16459768,507,5
578,724,-90.74603107,36.00996981,751,5
579,725,-91.77518167,36.01463267,342,2
580,726,-92.86695658,36.16185103,525,2
581,727,-94.14905398,36.16659167,1961,2
582,728,-93.36414441,35.29945855,495,2
583,729,-94.21064259,35.32749326,863,2
584,730,-97.71628886,35.27707363,3665,2
585,731,-97.50721228,35.4758067,2522,2
586,734,-97.13875496,34.21883523,309,2
587,735,-98.66937544,34.53209831,792,2
588,736,-99.26233138,35.47981423,208,2
589,737,-98.14451189,36.36829214,392,2
590,738,-99.52584312,36.45740544,109,2
591,739,-101.4393327,36.76771673,94,2
592,740,-96.2106841,36.26116978,3085,2
593,741,-95.94875767,36.12127673,1746,2
594,743,-94.98162114,36.52283366,655,2
595,744,-95.40293655,35.64277385,865,2
596,745,-95.69326029,34.69153557,343,2
597,746,-97.18869455,36.71478027,168,2
598,747,-95.58922989,34.01203093,343,2
599,748,-96.70930588,35.18263312,656,2
600,749,-94.69314741,35.24373033,480,2
601,750,-96.77472437,33.04116746,13942,2
602,751,-96.44734327,32.5469814,4431,2
603,752,-96.79725065,32.80863635,6257,2
604,753,-96.777626,32.767268,12,2
605,754,-95.80857675,33.34078313,1908,2
606,755,-94.39978524,33.29915043,547,2
607,756,-94.64557142,32.46159551,1594,2
608,757,-95.3528601,32.27694613,1974,2
609,758,-95.67994496,31.45563872,462,2
610,759,-94.34822309,31.32134951,959,2
611,760,-97.36596993,32.66431106,8269,2
612,761,-97.32092369,32.76045238,6429,2
613,762,-97.25468573,33.38394165,4096,2
614,763,-98.73797789,33.78849744,958,2
615,764,-98.44272481,32.55597902,919,2
616,765,-97.51346714,31.05623745,2714,2
617,766,-97.0434642,31.73429706,898,2
618,767,-97.15429717,31.55021892,753,2
619,768,-99.35122492,31.35273849,367,2
620,769,-100.6280678,31.35104322,667,2
621,770,-95.41637313,29.77540214,12437,2
622,772,-95.434241,29.83399,31,2
623,773,-95.33692814,30.29753284,8639,2
624,774,-95.91624798,29.49407466,7567,2
625,775,-95.04785323,29.58259668,7259,2
626,776,-94.15759003,30.10717784,1420,2
627,777,-94.15148118,30.04339364,529,2
628,778,-96.31526517,30.64332134,1739,2
629,779,-96.9351408,28.88456552,736,2
630,780,-98.8947939,29.02971675,2916,2
631,781,-98.00442056,29.22113392,2697,2
632,782,-98.51271247,29.47184231,8961,2
633,783,-97.74211125,27.81045886,886,2
634,784,-97.42748084,27.75794395,1258,2
635,785,-98.03375974,26.26217533,3915,2
636,786,-97.93925983,30.30662952,7484,2
637,787,-97.7622532,30.30785029,7590,2
638,788,-99.96729707,29.2586031,700,2
639,789,-96.79865962,29.91130842,421,2
640,790,-101.5486339,35.3484522,879,2
641,791,-101.8596512,35.18477894,796,2
642,792,-100.6686395,34.25542014,141,2
643,793,-102.1220408,33.44751036,697,2
644,794,-101.8696004,33.574895,1268,2
645,795,-100.2320289,32.64859634,512,2
646,796,-99.76860689,32.42547022,534,2
647,797,-102.3695996,31.75133563,2392,2
648,798,-104.7589577,30.8169369,214,2
649,799,-106.3849331,31.78864504,2857,2
650,800,-104.8817264,39.77807224,6393,2
651,801,-104.7702579,39.49983329,6851,2
652,802,-104.9251289,39.7432334,7671,2
653,803,-105.3010643,40.04397113,938,2
654,804,-105.8960736,39.81134588,1793,2
655,805,-105.1739323,40.402238,4430,2
656,806,-104.5845761,40.28427811,2131,2
657,807,-103.0609698,40.47761131,573,2
658,808,-103.8696265,39.06084447,982,2
659,809,-104.7616966,38.86868803,3577,2
660,810,-103.6890981,37.95001544,879,2
661,811,-106.2343746,37.51703963,504,2
662,812,-106.1349227,38.52898905,505,2
663,813,-108.3706751,37.43885336,340,1
664,814,-107.9404622,38.46967928,359,1
665,815,-108.6222375,39.08821392,720,1
666,816,-107.349629,39.61581084,1148,2
667,820,-105.0663493,41.27184063,740,2
668,821,-110.89421,44.890668,3,4
669,822,-104.5739892,42.20823154,147,2
670,823,-107.2042978,41.60975973,144,2
671,824,-108.3551162,44.42316829,423,4
672,825,-108.7850083,43.07536517,203,4
673,826,-106.4288223,43.00314933,523,2
674,827,-104.8394938,44.33285213,318,2
675,828,-106.9463422,44.68922544,248,4
676,829,-109.8373411,41.80973907,513,1
677,830,-110.7845484,43.61736086,201,4
678,831,-110.7546419,42.62787219,207,1
679,832,-112.3544118,42.80569014,780,4
680,833,-114.3055317,42.80613785,1184,4
681,834,-112.1416419,44.03112139,1060,4
682,835,-116.2911696,46.20625452,415,4
683,836,-116.3875387,43.86575566,2897,4
684,837,-116.2132195,43.58481762,1631,4
685,838,-116.5643565,47.6407645,2101,4
686,840,-111.4374204,40.64450452,8227,1
687,841,-111.8806855,40.70922787,3301,1
688,843,-112.0531677,41.69311653,1043,1
689,844,-111.9704946,41.23907414,1160,1
690,845,-110.3923081,38.81324762,383,1
691,846,-111.8993429,39.52217647,1552,1
692,847,-112.6567201,37.79538082,2202,1
693,850,-112.1010666,33.50065964,6134,1
694,851,-111.758483,33.427135,57,1
695,852,-111.8837208,33.42567277,9303,1
696,853,-112.8321367,33.42101384,7555,1
697,855,-110.3360777,33.34117383,658,1
698,856,-110.4569522,31.82637612,1746,1
699,857,-111.0951328,32.18464539,4632,1
700,859,-109.9109622,34.23084168,489,1
701,860,-111.2235394,35.76500579,798,1
702,863,-112.2852178,34.68248248,1401,1
703,864,-114.2213349,35.21144715,710,1
704,865,-109.4335208,35.94304883,50,1
705,870,-106.765435,35.19914827,814,2
706,871,-106.6238001,35.09864829,3716,2
707,873,-108.6559675,35.44930258,90,1
708,874,-108.2358869,36.735423,269,1
709,875,-105.927009,36.13827932,1248,2
710,877,-105.0347106,36.131737,187,2
711,878,-107.718463,34.0660404,59,2
712,879,-107.26997,32.97226967,56,2
713,880,-107.4311174,32.40022735,830,2
714,881,-103.4440917,34.27595482,263,2
715,882,-103.9613512,32.82594868,802,2
716,883,-105.6526037,33.16354148,318,2
717,884,-103.631162,35.6521411,80,2
718,890,-115.3126363,36.53738467,4065,1
719,891,-115.1614607,36.11533212,7702,1
720,893,-115.2000815,39.3272535,124,1
721,894,-119.126818,39.68651648,2371,1
722,895,-119.7368289,39.69387336,1773,1
723,897,-119.7702027,39.16899014,449,1
724,898,-115.5076592,41.01549792,384,1
725,900,-118.3004269,34.0157807,12552,1
726,902,-118.349012,33.93329947,7785,1
727,903,-118.346554,33.9523532,539,1
728,904,-118.486162,34.0240126,899,1
729,905,-118.328626,33.8367416,1298,1
730,906,-118.0708549,33.89986548,4602,1
731,907,-118.1912342,33.79288892,3806,1
732,908,-118.1710254,33.79748238,2718,1
733,910,-118.2008703,34.01278858,2416,1
734,911,-118.2146996,33.96735464,1435,1
735,912,-118.2616285,34.09818818,1315,1
736,913,-118.5198753,34.14513863,9679,1
737,914,-118.4258634,34.1014712,1930,1
738,915,-118.310161,33.9835154,1069,1
739,916,-118.3635716,34.08185211,1593,1
740,917,-117.7907649,34.08039749,11588,1
741,918,-118.1906207,33.98332067,412,1
742,919,-116.8072942,32.78559532,3697,1
743,920,-116.9916612,33.07807404,10074,1
744,921,-117.0387337,32.86281427,10579,1
745,922,-115.9638191,33.62482509,4500,1
746,923,-116.8853657,34.47789683,6718,1
747,924,-117.0018776,34.27797409,947,1
748,925,-116.8866006,33.7573329,10588,1
749,926,-117.7751673,33.62514869,11974,1
750,927,-117.8430172,33.714679,2513,1
751,928,-117.7326092,33.79275238,8956,1
752,930,-119.1452652,34.20187234,5770,1
753,931,-119.7932946,34.38272871,1786,1
754,932,-119.2225611,35.85926903,3756,1
755,933,-118.9953757,35.32819567,3016,1
756,934,-120.5223751,35.20308825,4772,1
757,935,-118.1941277,35.50972633,3347,1
758,936,-119.7388518,36.85197942,2599,1
759,937,-119.7319576,36.76130667,2598,1
760,939,-121.586469,36.50083665,2792,1
761,940,-122.2464034,37.44891341,8481,1
762,941,-122.4507389,37.7653598,5613,1
763,942,-121.444429,38.377411,2,1
764,943,-122.0745445,37.3878705,822,1
765,944,-122.3052875,37.553998,1548,1
766,945,-122.0686257,37.93720792,19559,1
767,946,-122.1767279,37.77543495,2841,1
768,947,-122.2748111,37.87349364,809,1
769,948,-122.1914584,37.88545962,753,1
770,949,-122.6759499,38.08423057,3295,1
771,950,-121.8191164,37.07895343,7441,1
772,951,-121.830599,37.28914269,8275,1
773,952,-120.997655,38.06723705,2182,1
774,953,-120.6991541,37.61726664,6057,1
775,954,-123.0580964,38.84818876,3929,1
776,955,-123.9557716,40.77700405,1193,1
777,956,-121.267736,38.64113041,9892,1
778,957,-121.0363728,38.83146173,3097,1
779,958,-121.4353789,38.55777074,4889,1
780,959,-121.5632295,39.46946827,3671,1
781,960,-122.2653732,40.85720703,1749,1
782,961,-120.2826129,39.87726638,822,1
783,967,-157.2010823,20.90639045,1632,1
784,968,-161.4273159,22.56264465,569,1
785,970,-122.2887157,45.45461983,5405,4
786,971,-123.5017736,45.52566821,2359,4
787,972,-122.5883201,45.51426038,5989,4
788,973,-123.2099294,44.74038691,3552,4
789,974,-123.4245608,43.59242907,3045,4
790,975,-123.0861184,42.38253817,1358,4
791,976,-121.1264758,42.37613489,431,4
792,977,-120.7046629,43.89720542,1319,4
793,978,-118.7074302,45.26376898,871,4
794,979,-117.459945,43.8554164,92,4
795,980,-122.0894785,47.53086505,8997,4
796,981,-122.2970675,47.58434195,5121,4
797,982,-122.2918562,48.37351528,6278,4
798,983,-122.6750029,47.456582,5138,4
799,984,-122.4196914,47.18780082,1893,4
800,985,-123.1828578,46.90723488,3507,4
801,986,-122.5916343,45.93438865,3707,4
802,988,-119.8404146,47.82657708,761,4
803,989,-120.5392671,46.70059438,1349,4
804,990,-117.4529234,47.62596313,1002,4
805,991,-117.9969992,47.87337569,824,4
806,992,-117.413595,47.66584376,1758,4
807,993,-118.9376096,46.37834055,1691,4
808,994,-117.106145,46.3154365,114,4
809,995,-152.8096485,60.7725724,724,4
810,996,-154.892616,60.00090438,515,4
811,997,-150.957651,65.4025033,236,4
812,998,-134.7540322,57.94460338,124,4
813,999,-132.2263767,55.55150333,63,4
814,A0A,-53.12936391,47.50244233,126,0
815,A0B,-53.67867516,47.58456564,56,0
816,A0C,-53.63960753,48.3556842,50,0
817,A0E,-55.037545,47.29697628,75,0
818,A0G,-54.43691669,49.27191344,138,0
819,A0H,-55.6594415,48.17939183,48,0
820,A0J,-56.069591,49.47919267,33,0
821,A0K,-56.53662323,50.8560466,120,0
822,A0L,-58.0506494,49.0094774,31,0
823,A0M,-58.96890825,47.62832425,23,0
824,A0N,-58.58114678,47.97927078,16,0
825,A0P,-60.00355186,54.41001071,70,0
826,A0R,-65.4426565,53.218808,16,0
827,A1A,-52.7116284,47.59845323,148,0
828,A1B,-52.74192834,47.57255338,75,0
829,A1C,-52.71629067,47.56418409,65,0
830,A1E,-52.75109958,47.53897147,107,0
831,A1G,-52.75661597,47.5097968,23,0
832,A1H,-52.80822042,47.50006851,19,0
833,A1K,-52.73807389,47.65511128,47,0
834,A1L,-52.87068379,47.53644978,107,0
835,A1M,-52.85185538,47.60130334,46,0
836,A1N,-52.80780498,47.51534593,124,0
837,A1S,-52.77046996,47.45512257,20,0
838,A1V,-54.6142151,48.9631,60,0
839,A1W,-52.93317175,47.51967168,67,0
840,A1X,-53.0162758,47.49088076,76,0
841,A1Y,-53.2301785,47.73803139,17,0
842,A2A,-55.64698604,48.939987,41,0
843,A2B,-55.66267238,48.95472438,14,0
844,A2H,-57.95793939,48.94633924,117,0
845,A2N,-58.59635453,48.55231681,28,0
846,A2V,-66.92049275,52.93874168,42,0
847,A5A,-53.98172243,48.17420316,41,0
848,A8A,-57.42693333,49.20026512,24,0
849,B0C,-60.424582,46.739321,26,0
850,B0E,-61.1123198,45.89624872,109,0
851,B0H,-61.640157,45.470742,23,0
852,B0J,-63.4592047,44.64844461,164,0
853,B0K,-62.86301521,45.64694347,153,0
854,B0L,-64.413143,45.65169025,7,0
855,B0M,-63.96467215,45.49199615,57,0
856,B0N,-63.65368576,45.09006076,184,0
857,B0P,-64.54766514,45.06932429,152,0
858,B0R,-64.708982,44.4909592,27,0
859,B0S,-65.41762418,44.63915209,77,0
860,B0T,-65.113295,43.92602555,69,0
861,B0V,-66.081406,44.4043665,28,0
862,B0W,-65.819213,43.73923654,132,0
863,B1A,-59.96442217,46.19118398,86,0
864,B1B,-59.89714656,46.14222596,5,0
865,B1C,-59.97319529,45.98873864,8,0
866,B1E,-60.02136653,46.17967456,3,0
867,B1G,-60.05161182,46.20342761,11,0
868,B1H,-60.09536559,46.23734201,51,0
869,B1J,-60.42985526,46.00581756,4,0
870,B1K,-60.13616886,46.00057675,20,0
871,B1L,-60.25060915,46.07885212,24,0
872,B1M,-60.12160474,46.11425068,6,0
873,B1N,-60.18636562,46.1750533,16,0
874,B1P,-60.17577849,46.13272352,57,0
875,B1R,-60.23272315,46.11788857,23,0
876,B1S,-60.20297751,46.1178117,38,0
877,B1V,-60.23105399,46.23628274,24,0
878,B1W,-60.644925,45.924513,2,0
879,B1X,-60.45836977,46.21427092,7,0
880,B1Y,-60.30596901,46.24681616,25,0
881,B2A,-60.26934146,46.1893691,39,0
882,B2C,-61.997703,45.627222,1,0
883,B2E,-60.60191121,45.72624966,1,0
884,B2G,-62.00489861,45.6205652,63,0
885,B2H,-62.64944699,45.58986627,82,0
886,B2N,-63.26512675,45.36394824,119,0
887,B2R,-63.5926513,44.77600861,4,0
888,B2S,-63.49844285,44.98673427,49,0
889,B2T,-63.59106326,44.87581661,89,0
890,B2V,-63.48124742,44.6593184,50,0
891,B2W,-63.5092644,44.67912155,122,0
892,B2X,-63.54253123,44.70123015,37,0
893,B2Y,-63.54929083,44.66737818,53,0
894,B2Z,-63.45386857,44.69044751,29,0
895,B3A,-63.57632097,44.67865757,64,0
896,B3B,-63.59733033,44.6980035,6,0
897,B3E,-63.3565734,44.71664635,43,0
898,B3G,-63.46492871,44.61416908,50,0
899,B3H,-63.58596894,44.63741117,121,0
900,B3J,-63.57434204,44.64531126,30,0
901,B3K,-63.59892589,44.65982579,82,0
902,B3L,-63.60966249,44.64903596,83,0
903,B3M,-63.6512081,44.67274414,90,0
904,B3N,-63.64642446,44.64165255,46,0
905,B3P,-63.61168539,44.63103865,33,0
906,B3R,-63.61342538,44.60389157,32,0
907,B3S,-63.67046055,44.66252274,33,0
908,B3T,-63.73126081,44.59264058,86,0
909,B3V,-63.60724169,44.55030384,42,0
910,B3Z,-63.85501317,44.67023094,106,0
911,B4A,-63.66988112,44.72416744,75,0
912,B4B,-63.76740064,44.73482996,48,0
913,B4C,-63.67247277,44.77277334,69,0
914,B4E,-63.72452431,44.7992772,66,0
915,B4G,-63.71524733,44.89403011,29,0
916,B4H,-64.1887235,45.83034289,71,0
917,B4N,-64.48086727,45.0727809,53,0
918,B4P,-64.3633936,45.07917661,34,0
919,B4R,-64.58923689,45.06544732,12,0
920,B4V,-64.50111925,44.3727822,27,0
921,B5A,-66.11217812,43.84119461,54,0
922,B9A,-61.36175956,45.62368338,25,0
923,C0A,-63.05539643,46.26060895,179,0
924,C0B,-63.81333433,46.51881056,143,0
925,C1A,-63.1288183,46.25133152,110,0
926,C1B,-63.09534611,46.21882413,56,0
927,C1C,-63.11305269,46.26642947,14,0
928,C1E,-63.16198876,46.26790913,38,0
929,C1N,-63.78537741,46.40408092,72,0
930,E1A,-64.73346799,46.09696062,184,0
931,E1B,-64.80133993,46.05785037,116,0
932,E1C,-64.80432529,46.09932304,104,0
933,E1E,-64.8179838,46.08053091,62,0
934,E1G,-64.86801161,46.12199665,133,0
935,E1H,-64.75106758,46.16953934,27,0
936,E1J,-64.82347321,46.03383019,14,0
937,E1N,-65.48190047,47.00298023,67,0
938,E1V,-65.56677403,47.01895466,86,0
939,E1W,-64.93412983,47.687077,15,0
940,E1X,-64.98727154,47.51198625,26,0
941,E2A,-65.69487037,47.50001256,72,0
942,E2E,-65.97726824,45.41166459,106,0
943,E2G,-65.931126,45.44392192,13,0
944,E2H,-66.01397588,45.35046021,14,0
945,E2J,-66.00803006,45.29652965,51,0
946,E2K,-66.08471397,45.28816251,47,0
947,E2L,-66.06109281,45.26771742,19,0
948,E2M,-66.11238482,45.24607292,62,0
949,E2N,-65.93961664,45.322691,15,0
950,E2P,-66.0018156,45.24804,13,0
951,E2S,-65.98971322,45.43973622,11,0
952,E2V,-66.49558499,45.84204412,71,0
953,E3A,-66.6258931,45.97937771,101,0
954,E3B,-66.64181249,45.92414394,138,0
955,E3C,-66.72676105,45.90951582,52,0
956,E3E,-66.80688513,45.9000609,14,0
957,E3L,-67.19184932,45.53846017,34,0
958,E3N,-67.04473386,47.86105499,41,0
959,E3V,-68.33662024,47.3779428,14,0
960,E3Y,-67.70686246,47.05847542,13,0
961,E3Z,-67.75465489,47.05132656,12,0
962,E4A,-65.86383209,46.14878755,26,0
963,E4B,-66.07188496,46.05281681,14,0
964,E4C,-65.92004875,45.83279788,18,0
965,E4E,-65.48209735,45.71297958,43,0
966,E4G,-65.49362438,45.77036806,10,0
967,E4H,-64.74387403,45.8336574,26,0
968,E4J,-65.05696743,46.03169592,22,0
969,E4K,-64.56504754,45.97068027,31,0
970,E4L,-64.36712478,45.90143663,58,0
971,E4M,-63.94366778,46.09271776,7,0
972,E4N,-64.34534142,46.2154342,16,0
973,E4P,-64.52868246,46.24455367,60,0
974,E4R,-64.60601372,46.32412807,40,0
975,E4S,-64.84236647,46.46001557,15,0
976,E4T,-64.98707,46.41222357,7,0
977,E4V,-64.75700056,46.35445118,32,0
978,E4W,-64.90137857,46.67397903,20,0
979,E4X,-65.12910243,46.73165262,7,0
980,E4Y,-65.42345542,46.73503681,20,0
981,E4Z,-65.16621288,45.96571355,19,0
982,E5A,-67.133282,45.25825533,3,0
983,E5B,-67.01352494,45.1161888,15,0
984,E5C,-66.81807471,45.13712016,11,0
985,E5E,-66.9420355,44.896471,2,0
986,E5G,-66.73295695,44.74503785,24,0
987,E5H,-66.76295869,45.07365502,7,0
988,E5J,-66.41717856,45.14602878,10,0
989,E5K,-66.26313412,45.37041981,29,0
990,E5L,-66.58873836,45.70374857,9,0
991,E5M,-66.030022,45.473362,2,0
992,E5N,-65.85285232,45.53981573,41,0
993,E5P,-65.7145062,45.73345841,3,0
994,E5R,-65.76348983,45.41759633,8,0
995,E5S,-66.07149998,45.42376967,10,0
996,E5T,-65.8714252,45.6450938,5,0
997,E5V,-66.738386,46.276742,1,0
998,E6A,-66.99843,46.3309485,4,0
999,E6B,-66.65072398,46.1743891,6,0
1000,E6C,-66.59770944,46.10778142,5,0
1001,E6E,-67.29616633,46.01058567,3,0
1002,E6G,-67.33292839,45.94416097,14,0
1003,E6H,-67.4089798,45.80797831,8,0
1004,E6J,-67.32150519,45.59448932,8,0
1005,E6K,-66.99749414,45.75131801,16,0
1006,E6L,-67.50842207,46.45612333,16,0
1007,E7A,-68.812532,47.212894,1,0
1008,E7B,-68.35398825,47.434964,6,0
1009,E7C,-68.21657967,47.36044267,3,0
1010,E7E,-67.82009843,47.11950587,8,0
1011,E7G,-67.53708122,46.89071809,8,0
1012,E7H,-67.67889965,46.72549931,19,0
1013,E7J,-67.69327455,46.36853193,4,0
1014,E7K,-67.54543043,46.47664041,4,0
1015,E7L,-67.582724,46.43106346,15,0
1016,E7M,-67.58566581,46.15496018,33,0
1017,E7N,-67.5155168,46.1575396,9,0
1018,E7P,-67.47420182,46.80772686,7,0
1019,E8A,-67.375024,47.5359746,6,0
1020,E8B,-66.374577,48.067624,1,0
1021,E8C,-66.3805875,48.04416033,6,0
1022,E8E,-66.36150917,47.98390828,23,0
1023,E8G,-66.10933,47.940376,1,0
1024,E8J,-65.74846041,47.79045649,13,0
1025,E8K,-65.71005197,47.68574326,43,0
1026,E8L,-65.32445667,47.52171533,3,0
1027,E8M,-65.091661,47.821899,1,0
1028,E8N,-65.083025,47.828372,1,0
1029,E8P,-65.02348467,47.67094467,4,0
1030,E8R,-64.710237,47.738851,1,0
1031,E8S,-64.70459748,47.74647957,13,0
1032,E8T,-64.72708667,47.54041,3,0
1033,E9A,-65.78463527,46.75287582,16,0
1034,E9B,-65.98185322,46.6937908,12,0
1035,E9C,-66.14012732,46.58511112,15,0
1036,E9E,-65.76969454,46.95319254,17,0
1037,E9G,-65.12716691,47.22526936,4,0
1038,G0A,-71.54204113,46.95372278,68,0
1039,G0C,-65.36384672,48.21430906,48,0
1040,G0E,-65.3245645,49.0908535,4,0
1041,G0G,-61.42903213,51.06688456,44,0
1042,G0H,-68.5112685,49.03528,6,0
1043,G0J,-67.47589967,48.5772408,27,0
1044,G0K,-68.3226,48.39992033,6,0
1045,G0L,-69.14249365,47.77932383,43,0
1046,G0M,-70.73034817,46.03246308,32,0
1047,G0N,-71.28691633,46.07646683,12,0
1048,G0P,-70.991665,46.2217895,10,0
1049,G0R,-70.49238798,46.78669451,156,0
1050,G0S,-71.33387713,46.56614958,127,0
1051,G0T,-70.0184832,48.0751524,18,0
1052,G0V,-70.8073064,48.3675424,10,0
1053,G0W,-72.44289333,48.7644774,35,0
1054,G0X,-72.58384263,46.63277913,73,0
1055,G0Y,-71.35179733,45.793206,5,0
1056,G0Z,-71.91942307,46.3769355,17,0
1057,G1B,-71.20831733,46.89482792,15,0
1058,G1C,-71.20965992,46.87386902,35,0
1059,G1E,-71.21828771,46.85815112,23,0
1060,G1G,-71.282326,46.87899524,21,0
1061,G1H,-71.25856332,46.85028137,33,0
1062,G1J,-71.22475463,46.8345188,26,0
1063,G1K,-71.22487278,46.81704789,21,0
1064,G1L,-71.239274,46.82996732,21,0
1065,G1M,-71.25799482,46.82600945,13,0
1066,G1N,-71.24516,46.8068064,13,0
1067,G1P,-71.31207607,46.81065653,18,0
1068,G1R,-71.22197262,46.80737169,31,0
1069,G1S,-71.245447,46.79804838,19,0
1070,G1T,-71.26182863,46.774127,6,0
1071,G1V,-71.29528764,46.78423907,18,0
1072,G1W,-71.27381636,46.76940851,27,0
1073,G1X,-71.3300304,46.76983069,28,0
1074,G1Y,-71.35845086,46.7539985,15,0
1075,G2A,-71.37608336,46.84675708,12,0
1076,G2B,-71.364225,46.84439094,19,0
1077,G2C,-71.3351378,46.8279384,6,0
1078,G2E,-71.35710146,46.80405734,26,0
1079,G2G,-71.36327785,46.79047046,14,0
1080,G2J,-71.28179825,46.843942,4,0
1081,G2K,-71.30109117,46.84508494,18,0
1082,G2L,-71.25962756,46.87573008,15,0
1083,G2M,-71.282388,46.89128575,5,0
1084,G2N,-71.3256626,46.9054245,5,0
1085,G3A,-71.426822,46.74057182,23,0
1086,G3E,-71.32735783,46.86556952,18,0
1087,G3G,-71.35279317,46.875933,6,0
1088,G3H,-71.69488457,46.75879729,8,0
1089,G3J,-71.44539444,46.86384244,10,0
1090,G3K,-71.36520696,46.84523543,18,0
1091,G3L,-71.78790559,46.88581597,6,0
1092,G3M,-71.72671683,46.67432363,10,0
1093,G3Z,-70.51818883,47.45515333,7,0
1094,G4R,-66.37011443,50.21471943,15,0
1095,G4S,-66.40003133,50.24838233,3,0
1096,G4T,-61.8316611,47.39709482,28,0
1097,G4V,-66.48630703,49.13707308,5,0
1098,G4W,-67.5433436,48.8608632,5,0
1099,G4X,-64.47846658,48.84487074,24,0
1100,G4Z,-68.17711892,49.21085708,23,0
1101,G5A,-70.1733473,47.6570183,19,0
1102,G5B,-66.8711428,50.0252757,14,0
1103,G5C,-68.26741488,49.194054,8,0
1104,G5H,-68.19851984,48.58213337,6,0
1105,G5J,-67.43370953,48.47006325,7,0
1106,G5L,-68.53395745,48.43810495,23,0
1107,G5M,-68.47852093,48.49123971,16,0
1108,G5N,-68.50054314,48.39627565,10,0
1109,G5R,-69.52862763,47.82719081,34,0
1110,G5T,-68.64816833,47.54664939,4,0
1111,G5V,-70.55008706,46.98052057,9,0
1112,G5X,-70.77443946,46.22226423,17,0
1113,G5Y,-70.67139328,46.1175397,19,0
1114,G5Z,-70.64629316,46.11387015,6,0
1115,G6A,-70.68534509,46.142121,2,0
1116,G6B,-70.88193695,45.58047133,17,0
1117,G6C,-71.12969147,46.76407806,23,0
1118,G6E,-71.02489323,46.44993601,16,0
1119,G6G,-71.29404401,46.09868777,20,0
1120,G6H,-71.307732,46.087455,6,0
1121,G6J,-71.31001417,46.6549069,34,0
1122,G6K,-71.30878631,46.67521479,22,0
1123,G6L,-71.73232563,46.21877137,9,0
1124,G6P,-71.946006,46.05186483,31,0
1125,G6S,-71.933314,46.05271579,4,0
1126,G6T,-71.95760586,46.07554157,10,0
1127,G6V,-71.16768904,46.80974253,91,0
1128,G6W,-71.22384815,46.75864501,46,0
1129,G6X,-71.26478451,46.71844274,29,0
1130,G6Z,-71.20442274,46.71715823,42,0
1131,G7A,-71.32963951,46.71340287,56,0
1132,G7B,-70.88677983,48.33383917,8,0
1133,G7G,-71.0599679,48.4471198,11,0
1134,G7H,-71.0444146,48.4150114,12,0
1135,G7J,-71.084086,48.398493,2,0
1136,G7N,-71.15577192,48.31236546,7,0
1137,G7P,-71.28059375,48.50622626,4,0
1138,G7S,-71.17521155,48.41503115,15,0
1139,G7X,-71.24397848,48.41535314,26,0
1140,G7Y,-71.266768,48.385815,1,0
1141,G7Z,-71.30124227,48.44012461,6,0
1142,G8A,-71.26230233,48.41976,5,0
1143,G8B,-71.645715,48.55417455,11,0
1144,G8C,-71.65311815,48.53763648,3,0
1145,G8E,-71.64726242,48.61072612,4,0
1146,G8G,-71.87498828,48.42543415,2,0
1147,G8H,-72.24212489,48.51183089,12,0
1148,G8J,-72.37062667,48.61050867,3,0
1149,G8K,-72.44538122,48.65471446,8,0
1150,G8L,-72.23162361,48.8847894,18,0
1151,G8M,-72.53358741,48.8495285,3,0
1152,G8N,-71.689431,48.37520333,4,0
1153,G8P,-74.37575371,49.91445271,8,0
1154,G8T,-72.53636387,46.3782498,14,0
1155,G8V,-72.5214536,46.3982917,6,0
1156,G8W,-72.572847,46.386453,10,0
1157,G8Y,-72.60571887,46.36284834,23,0
1158,G8Z,-72.56737282,46.34541555,14,0
1159,G9A,-72.55527715,46.341482,14,0
1160,G9B,-72.62318831,46.3124448,13,0
1161,G9C,-72.60895829,46.37627314,9,0
1162,G9H,-72.4212627,46.34131192,14,0
1163,G9N,-72.73869164,46.57525716,7,0
1164,G9P,-72.73851638,46.51616187,9,0
1165,G9R,-72.80439308,46.59748597,5,0
1166,G9T,-72.69181056,46.61632672,9,0
1167,G9X,-72.77937798,47.416057,12,0
1168,H1A,-73.50516064,45.66047272,71,0
1169,H1B,-73.50203215,45.64149048,31,0
1170,H1C,-73.55289281,45.66240364,29,0
1171,H1E,-73.59174946,45.6344698,49,0
1172,H1G,-73.62487669,45.6138279,35,0
1173,H1H,-73.64220861,45.58902809,39,0
1174,H1J,-73.57519,45.6046659,16,0
1175,H1K,-73.54681412,45.60835333,53,0
1176,H1L,-73.52044915,45.60004424,54,0
1177,H1M,-73.55433151,45.58806642,49,0
1178,H1N,-73.53397119,45.57569297,41,0
1179,H1P,-73.59557577,45.59396297,17,0
1180,H1R,-73.60776075,45.58492409,29,0
1181,H1S,-73.58186485,45.58022308,26,0
1182,H1T,-73.57261373,45.57243338,45,0
1183,H1V,-73.53988868,45.55541276,30,0
1184,H1W,-73.54787059,45.54372665,56,0
1185,H1X,-73.57604297,45.552869,51,0
1186,H1Y,-73.57886465,45.54888327,33,0
1187,H1Z,-73.61405947,45.57834526,17,0
1188,H2A,-73.60193086,45.5590619,39,0
1189,H2B,-73.64908035,45.57418152,26,0
1190,H2C,-73.6578975,45.56033018,28,0
1191,H2E,-73.61164786,45.55120579,38,0
1192,H2G,-73.59296918,45.54373479,47,0
1193,H2H,-73.57954638,45.53900421,28,0
1194,H2J,-73.5840208,45.53121604,62,0
1195,H2K,-73.55874723,45.52930178,47,0
1196,H2L,-73.56608972,45.5216975,40,0
1197,H2M,-73.64297123,45.55092885,38,0
1198,H2N,-73.65221407,45.53855864,17,0
1199,H2P,-73.63289009,45.54367289,38,0
1200,H2R,-73.62188386,45.54053119,51,0
1201,H2S,-73.60503222,45.53582371,59,0
1202,H2T,-73.59726484,45.52505164,31,0
1203,H2V,-73.60685918,45.52032509,50,0
1204,H2W,-73.58022956,45.51907136,21,0
1205,H2X,-73.5956115,45.50664891,27,0
1206,H2Y,-73.55614028,45.50367117,12,0
1207,H2Z,-73.56356567,45.50430967,3,0
1208,H3A,-73.57391625,45.5039515,8,0
1209,H3B,-73.5689935,45.50233225,4,0
1210,H3C,-73.55628778,45.50531259,22,0
1211,H3E,-73.54804772,45.45976488,27,0
1212,H3G,-73.57930782,45.50107629,22,0
1213,H3H,-73.58490878,45.49406739,23,0
1214,H3J,-73.57098483,45.49121283,14,0
1215,H3K,-73.57301232,45.47854336,54,0
1216,H3L,-73.67283241,45.54815955,40,0
1217,H3M,-73.69219423,45.53990508,17,0
1218,H3N,-73.62966462,45.53157063,8,0
1219,H3P,-73.64215158,45.52093917,16,0
1220,H3R,-73.65069905,45.5105905,17,0
1221,H3S,-73.62634144,45.50826039,24,0
1222,H3T,-73.62083115,45.50194477,15,0
1223,H3V,-73.6110615,45.495004,5,0
1224,H3W,-73.63195904,45.48755213,27,0
1225,H3X,-73.64281338,45.48160316,57,0
1226,H3Y,-73.6052927,45.48645719,55,0
1227,H3Z,-73.59455595,45.48241095,27,0
1228,H4A,-73.61738036,45.47736031,62,0
1229,H4B,-73.63444983,45.46292285,50,0
1230,H4C,-73.587617,45.48019473,53,0
1231,H4E,-73.59278213,45.45696651,54,0
1232,H4G,-73.57026585,45.46231837,77,0
1233,H4H,-73.58043129,45.44788207,64,0
1234,H4J,-73.69927236,45.53646221,16,0
1235,H4K,-73.72936508,45.52163826,19,0
1236,H4L,-73.68449396,45.51936502,32,0
1237,H4M,-73.68748493,45.5004416,24,0
1238,H4N,-73.66802547,45.52862444,19,0
1239,H4P,-73.657691,45.50242943,8,0
1240,H4R,-73.71020995,45.51045796,41,0
1241,H4S,-73.74633228,45.49410705,3,0
1242,H4T,-73.70739382,45.47813613,3,0
1243,H4V,-73.65000463,45.46649142,41,0
1244,H4W,-73.66525396,45.47161671,63,0
1245,H4X,-73.6506155,45.45377311,23,0
1246,H7A,-73.58586025,45.66583046,46,0
1247,H7B,-73.6294125,45.6883345,2,0
1248,H7C,-73.6143311,45.6086337,13,0
1249,H7E,-73.65229484,45.6000068,51,0
1250,H7G,-73.67100701,45.57606693,42,0
1251,H7H,-73.7541158,45.6400755,19,0
1252,H7J,-73.71918967,45.672578,3,0
1253,H7K,-73.74424217,45.6194898,36,0
1254,H7L,-73.77790882,45.60334016,64,0
1255,H7M,-73.71875808,45.6043511,57,0
1256,H7N,-73.70669835,45.56161966,61,0
1257,H7P,-73.80507772,45.57926903,90,0
1258,H7R,-73.85400567,45.55943459,62,0
1259,H7S,-73.73125033,45.57458483,15,0
1260,H7T,-73.76990322,45.55753323,33,0
1261,H7V,-73.73250395,45.54426196,35,0
1262,H7W,-73.76138641,45.5336082,54,0
1263,H7X,-73.79949617,45.52500333,57,0
1264,H7Y,-73.85045295,45.52496236,24,0
1265,H8N,-73.61993546,45.43650799,48,0
1266,H8P,-73.60725347,45.42565251,58,0
1267,H8R,-73.64546177,45.42958967,44,0
1268,H8S,-73.6779485,45.43958598,55,0
1269,H8T,-73.70455395,45.44078201,38,0
1270,H8Y,-73.79952455,45.50820074,26,0
1271,H8Z,-73.84483344,45.50507731,18,0
1272,H9A,-73.83260453,45.49320418,47,0
1273,H9B,-73.80616919,45.49062847,44,0
1274,H9C,-73.87138914,45.50288333,25,0
1275,H9E,-73.9070399,45.49454024,4,0
1276,H9G,-73.83670411,45.47646479,29,0
1277,H9H,-73.85600411,45.46696622,39,0
1278,H9J,-73.87432803,45.4543529,38,0
1279,H9K,-73.88902875,45.45710167,15,0
1280,H9P,-73.76497161,45.45431879,19,0
1281,H9R,-73.81370649,45.45735098,68,0
1282,H9S,-73.77181029,45.44202402,44,0
1283,H9W,-73.87392504,45.42985517,49,0
1284,H9X,-73.9317939,45.41316147,27,0
1285,J0A,-71.9685565,45.85648175,21,0
1286,J0B,-71.81075284,45.35925774,146,0
1287,J0C,-72.60451717,45.81830758,66,0
1288,J0E,-72.52882048,45.31979719,96,0
1289,J0G,-72.922514,45.94387713,20,0
1290,J0H,-72.79911857,45.65820624,108,0
1291,J0J,-73.16479552,45.16712619,121,0
1292,J0K,-73.53809479,46.16247289,242,0
1293,J0L,-73.36635479,45.44729616,209,0
1294,J0N,-73.9657381,45.53582271,113,0
1295,J0P,-74.20589449,45.45386857,117,0
1296,J0R,-74.16512079,45.88307311,51,0
1297,J0S,-74.01480193,45.18143593,68,0
1298,J0T,-74.49022228,46.15038447,89,0
1299,J0V,-74.79108085,45.70637169,47,0
1300,J0W,-75.42042675,46.5512165,12,0
1301,J0X,-76.21449839,45.9210753,125,0
1302,J0Y,-77.90305585,48.91206431,28,0
1303,J0Z,-79.17844111,48.06065853,45,0
1304,J1A,-71.80659333,45.13386155,18,0
1305,J1C,-71.93744369,45.47030431,15,0
1306,J1E,-71.87544758,45.42016161,45,0
1307,J1G,-71.85857611,45.40996746,26,0
1308,J1H,-71.89278168,45.3912463,56,0
1309,J1J,-71.92236909,45.40872165,28,0
1310,J1K,-71.93663018,45.38481727,13,0
1311,J1L,-71.95567508,45.40501623,29,0
1312,J1M,-71.87091796,45.38358133,14,0
1313,J1N,-71.98104281,45.37081995,61,0
1314,J1R,-72.0210326,45.3953204,26,0
1315,J1S,-71.9938232,45.57479774,14,0
1316,J1T,-71.9292391,45.7726884,13,0
1317,J1X,-72.15258328,45.28956019,49,0
1318,J1Z,-72.42621933,45.90513707,12,0
1319,J2A,-72.42082921,45.84703805,15,0
1320,J2B,-72.48438668,45.86942637,47,0
1321,J2C,-72.50292492,45.89015683,55,0
1322,J2E,-72.52892771,45.91067457,8,0
1323,J2G,-72.7351802,45.4015563,33,0
1324,J2H,-72.71668775,45.4147475,5,0
1325,J2J,-72.75869724,45.39447566,23,0
1326,J2K,-72.75396116,45.21888003,21,0
1327,J2L,-72.676834,45.31430964,11,0
1328,J2M,-72.60225427,45.36211228,5,0
1329,J2N,-72.97219156,45.28263968,19,0
1330,J2R,-72.92879197,45.64565158,21,0
1331,J2S,-72.96066016,45.62224288,36,0
1332,J2T,-72.93294646,45.62163819,13,0
1333,J2W,-73.28764123,45.36087246,63,0
1334,J2X,-73.22769586,45.35449696,47,0
1335,J2Y,-73.34348022,45.33117643,16,0
1336,J3A,-73.27425293,45.3336325,14,0
1337,J3B,-73.27145008,45.30207084,82,0
1338,J3E,-73.33887404,45.58595542,36,0
1339,J3G,-73.21433869,45.56615989,57,0
1340,J3H,-73.19372401,45.55022471,54,0
1341,J3L,-73.28631474,45.44485642,97,0
1342,J3M,-73.16549091,45.44312109,12,0
1343,J3N,-73.2879341,45.52355504,33,0
1344,J3P,-73.10714603,46.02817219,22,0
1345,J3R,-73.1435731,46.02346,13,0
1346,J3T,-72.6051545,46.2322815,4,0
1347,J3V,-73.34037126,45.52789679,38,0
1348,J3X,-73.42641752,45.67573556,29,0
1349,J3Y,-73.41652769,45.49045251,118,0
1350,J3Z,-73.39756165,45.50109735,11,0
1351,J4B,-73.43572862,45.59353923,88,0
1352,J4G,-73.47992277,45.56319947,18,0
1353,J4H,-73.50279712,45.53597894,21,0
1354,J4J,-73.48376772,45.5309181,46,0
1355,J4K,-73.49721618,45.51828925,45,0
1356,J4L,-73.45581462,45.51953273,37,0
1357,J4M,-73.44680479,45.53585411,17,0
1358,J4N,-73.44694133,45.54527093,16,0
1359,J4P,-73.50712175,45.50639423,22,0
1360,J4R,-73.49895072,45.49449104,22,0
1361,J4S,-73.49662856,45.48377608,13,0
1362,J4T,-73.46826793,45.49767203,44,0
1363,J4V,-73.46873053,45.48700791,64,0
1364,J4W,-73.48166842,45.46756455,22,0
1365,J4X,-73.47876765,45.44546125,24,0
1366,J4Y,-73.46210474,45.44781293,28,0
1367,J4Z,-73.45037974,45.47002478,35,0
1368,J5A,-73.57421903,45.37843193,78,0
1369,J5B,-73.54316599,45.3854799,31,0
1370,J5C,-73.55454264,45.40604447,31,0
1371,J5J,-74.00589909,45.8487019,41,0
1372,J5K,-74.11003743,45.74977901,53,0
1373,J5L,-74.06041871,45.79737923,51,0
1374,J5M,-73.77608411,45.84872549,39,0
1375,J5R,-73.49746546,45.39610731,94,0
1376,J5T,-73.29025396,45.88759003,27,0
1377,J5V,-72.9509465,46.253889,2,0
1378,J5W,-73.4156749,45.83641701,42,0
1379,J5X,-73.49540078,45.84270362,48,0
1380,J5Y,-73.42466002,45.77456224,63,0
1381,J5Z,-73.48295073,45.74244463,58,0
1382,J6A,-73.45514485,45.74324913,56,0
1383,J6E,-73.44839156,46.02900899,65,0
1384,J6J,-73.74084204,45.36768829,70,0
1385,J6K,-73.73478986,45.35113005,61,0
1386,J6N,-73.856945,45.3166481,25,0
1387,J6R,-73.73720429,45.31987795,25,0
1388,J6S,-74.1281894,45.25883401,41,0
1389,J6T,-74.13227447,45.24888627,20,0
1390,J6V,-73.52804265,45.71529974,23,0
1391,J6W,-73.6244766,45.70091094,65,0
1392,J6X,-73.67216913,45.71712637,55,0
1393,J6Y,-73.76543881,45.69150682,50,0
1394,J6Z,-73.77474338,45.66975682,40,0
1395,J7A,-73.79519936,45.64215343,33,0
1396,J7B,-73.82136193,45.66082693,22,0
1397,J7C,-73.88177253,45.67838916,80,0
1398,J7E,-73.84223059,45.64584972,45,0
1399,J7G,-73.83266812,45.61622495,31,0
1400,J7H,-73.86236282,45.62385091,12,0
1401,J7J,-73.93105735,45.69305435,36,0
1402,J7K,-73.61144094,45.74841975,45,0
1403,J7L,-73.649455,45.74318224,42,0
1404,J7M,-73.7237864,45.77381036,36,0
1405,J7N,-74.03231839,45.66316188,54,0
1406,J7P,-73.8788592,45.57471518,51,0
1407,J7R,-73.91144203,45.5566194,72,0
1408,J7T,-74.1179152,45.37659413,89,0
1409,J7V,-74.00341815,45.39247539,183,0
1410,J7W,-73.97235367,45.36933167,3,0
1411,J7X,-74.217444,45.26520836,19,0
1412,J7Y,-74.00914544,45.79874936,55,0
1413,J7Z,-73.99109797,45.77577271,61,0
1414,J8A,-73.99979812,45.91581586,18,0
1415,J8B,-74.13365683,45.95229053,48,0
1416,J8C,-74.29248658,46.05272601,9,0
1417,J8E,-74.60398742,46.16062057,23,0
1418,J8G,-74.41101585,45.64748207,21,0
1419,J8H,-74.33604662,45.66324762,17,0
1420,J8L,-75.44253889,45.57963857,38,0
1421,J8M,-75.50130742,45.52766496,53,0
1422,J8N,-75.67918659,45.62200642,48,0
1423,J8P,-75.6270105,45.4918109,83,0
1424,J8R,-75.63313429,45.50905603,82,0
1425,J8T,-75.70896864,45.47963653,60,0
1426,J8V,-75.73856546,45.52109077,105,0
1427,J8X,-75.72684352,45.4426963,27,0
1428,J8Y,-75.74359117,45.4482951,54,0
1429,J8Z,-75.76457395,45.47164481,37,0
1430,J9A,-75.76972518,45.43196045,62,0
1431,J9B,-75.82407682,45.53254293,40,0
1432,J9E,-75.96693654,46.38051882,19,0
1433,J9H,-75.82729286,45.40288617,103,0
1434,J9J,-75.80865445,45.44258085,80,0
1435,J9L,-75.50358386,46.55650843,9,0
1436,J9P,-77.80354802,48.09447634,25,0
1437,J9T,-78.11721444,48.57619356,12,0
1438,J9V,-79.45456574,47.34138574,6,0
1439,J9X,-79.01763598,48.24559033,38,0
1440,J9Y,-79.11012833,48.17117933,7,0
1441,J9Z,-79.20373067,48.79815833,5,0
1442,K0A,-75.60964383,45.31446124,609,0
1443,K0B,-74.700988,45.51130608,71,0
1444,K0C,-74.94095021,45.15222952,225,0
1445,K0E,-75.69507584,44.75421053,157,0
1446,K0G,-76.4175208,44.69019873,216,0
1447,K0H,-76.74672421,44.58999616,256,0
1448,K0J,-77.39200626,45.62920417,167,0
1449,K0K,-77.46251173,44.21004019,653,0
1450,K0L,-78.11814227,44.52929543,321,0
1451,K0M,-78.61412268,44.67101663,321,0
1452,K1A,-75.68949837,45.42736882,5,0
1453,K1B,-75.58543498,45.42601891,62,0
1454,K1C,-75.53136851,45.46491412,136,0
1455,K1E,-75.50469973,45.47557314,81,0
1456,K1G,-75.6337275,45.39497169,110,0
1457,K1H,-75.65753883,45.38785623,75,0
1458,K1J,-75.6082268,45.44605042,104,0
1459,K1K,-75.65052212,45.43918316,89,0
1460,K1L,-75.66337887,45.43842799,77,0
1461,K1M,-75.67890566,45.44305886,55,0
1462,K1N,-75.68424613,45.42654352,109,0
1463,K1P,-75.72471287,45.40526649,11,0
1464,K1R,-75.70572364,45.41169275,108,0
1465,K1S,-75.68737199,45.4020074,182,0
1466,K1T,-75.63827106,45.3514164,86,0
1467,K1V,-75.67047723,45.34129349,179,0
1468,K1W,-75.52699687,45.43730124,24,0
1469,K1X,-75.6087825,45.29018283,3,0
1470,K1Y,-75.73081908,45.39997452,139,0
1471,K1Z,-75.74200888,45.38753187,94,0
1472,K2A,-75.76088379,45.38131541,97,0
1473,K2B,-75.78902858,45.36350662,109,0
1474,K2C,-75.74063793,45.35598985,119,0
1475,K2E,-75.71823816,45.3501276,65,0
1476,K2G,-75.74002685,45.31711346,230,0
1477,K2H,-75.81224745,45.33155994,130,0
1478,K2J,-75.75521159,45.27611504,275,0
1479,K2K,-75.91522813,45.33519959,106,0
1480,K2L,-75.88836775,45.29990922,92,0
1481,K2M,-75.85710493,45.28799808,119,0
1482,K2P,-75.69284224,45.41519427,94,0
1483,K2R,-75.80841409,45.27693444,10,0
1484,K2S,-75.92504837,45.24735837,156,0
1485,K2T,-75.92786496,45.31629849,21,0
1486,K2V,-75.90525014,45.29392043,2,0
1487,K2W,-75.95896888,45.36464177,52,0
1488,K4A,-75.4761246,45.47223845,242,0
1489,K4B,-75.44156186,45.42118502,29,0
1490,K4C,-75.39456943,45.50786657,15,0
1491,K4K,-75.28210239,45.546661,53,0
1492,K4M,-75.67828216,45.22624567,37,0
1493,K4P,-75.58235113,45.25265982,59,0
1494,K4R,-75.3565859,45.25363344,38,0
1495,K6A,-74.60355275,45.60558588,37,0
1496,K6H,-74.71330807,45.0321014,86,0
1497,K6J,-74.75105029,45.02430048,63,0
1498,K6K,-74.77189805,45.06016833,7,0
1499,K6T,-75.756745,44.623595,1,0
1500,K6V,-75.70141203,44.59840212,80,0
1501,K7A,-76.01697565,44.90257277,99,0
1502,K7C,-76.14949615,45.11728541,110,0
1503,K7G,-76.170133,44.32823063,46,0
1504,K7H,-76.25170566,44.90452061,72,0
1505,K7K,-76.47942511,44.25178685,164,0
1506,K7L,-76.49561062,44.23360882,84,0
1507,K7M,-76.56587712,44.23983816,232,0
1508,K7N,-76.64552054,44.22483037,47,0
1509,K7P,-76.58837033,44.26061047,126,0
1510,K7R,-76.95315706,44.24604761,60,0
1511,K7S,-76.3571931,45.43219125,54,0
1512,K7V,-76.68798692,45.47236773,63,0
1513,K8A,-77.12468249,45.81814775,109,0
1514,K8B,-77.0798465,45.8071355,2,0
1515,K8H,-77.2718812,45.8955085,90,0
1516,K8N,-77.36813958,44.17038927,148,0
1517,K8P,-77.39706295,44.17135297,125,0
1518,K8R,-77.45906875,44.13800429,6,0
1519,K8V,-77.5749408,44.11060696,146,0
1520,K9A,-78.17369463,43.96684865,114,0
1521,K9H,-78.32054267,44.31933463,124,0
1522,K9J,-78.3328853,44.29017764,150,0
1523,K9K,-78.36768452,44.28430211,60,0
1524,K9L,-78.29902828,44.32445227,34,0
1525,K9V,-78.73861215,44.35803873,134,0
1526,L0A,-78.48840686,44.10789529,86,0
1527,L0B,-78.80416014,44.08120714,83,0
1528,L0C,-79.09899986,44.18375071,67,0
1529,L0E,-79.27794171,44.285834,139,0
1530,L0G,-79.60508711,44.06704622,257,0
1531,L0H,-79.17899775,43.92716925,6,0
1532,L0J,-79.694793,43.849607,39,0
1533,L0K,-79.49374664,44.66418829,214,0
1534,L0L,-79.69603932,44.40843565,226,0
1535,L0M,-79.73968878,44.29803961,245,0
1536,L0N,-80.00367167,44.063772,11,0
1537,L0P,-79.9837895,43.579909,40,0
1538,L0R,-79.73680395,43.20592479,469,0
1539,L0S,-79.19117358,43.0096764,348,0
1540,L1A,-78.30206061,43.96061164,95,0
1541,L1B,-78.59068585,43.91404454,54,0
1542,L1C,-78.6884691,43.91501976,194,0
1543,L1E,-78.79616246,43.90624406,133,0
1544,L1G,-78.86266591,43.91885733,181,0
1545,L1H,-78.83734584,43.89359395,123,0
1546,L1J,-78.87672142,43.88796359,173,0
1547,L1K,-78.84154183,43.93063277,159,0
1548,L1L,-78.88543325,43.94996285,10,0
1549,L1M,-78.95588263,43.95445734,112,0
1550,L1N,-78.93140693,43.88146762,227,0
1551,L1P,-78.97198986,43.8960682,72,0
1552,L1R,-78.93649207,43.91296491,152,0
1553,L1S,-79.0193035,43.83823801,174,0
1554,L1T,-79.0466214,43.86972493,134,0
1555,L1V,-79.11443509,43.83109006,207,0
1556,L1W,-79.09586948,43.81717166,90,0
1557,L1X,-79.10130125,43.85517548,59,0
1558,L1Y,-79.12104304,43.96906491,7,0
1559,L1Z,-79.01060513,43.87086169,61,0
1560,L2A,-78.94045853,42.90237469,74,0
1561,L2E,-79.08561305,43.1013705,65,0
1562,L2G,-79.08787136,43.07326969,71,0
1563,L2H,-79.13041833,43.09509068,77,0
1564,L2J,-79.10246733,43.12712531,66,0
1565,L2M,-79.21922606,43.19629208,193,0
1566,L2N,-79.25175963,43.19347076,148,0
1567,L2P,-79.21365571,43.15223396,79,0
1568,L2R,-79.24403574,43.16385592,118,0
1569,L2S,-79.26485731,43.14559026,88,0
1570,L2T,-79.22567784,43.13469402,65,0
1571,L2V,-79.21142097,43.11567764,84,0
1572,L2W,-79.27724874,43.16493593,16,0
1573,L3B,-79.23705476,42.98416784,98,0
1574,L3C,-79.26545207,43.00127975,125,0
1575,L3K,-79.25577909,42.89196703,83,0
1576,L3M,-79.55804942,43.19346674,124,0
1577,L3P,-79.26035208,43.8811863,141,0
1578,L3R,-79.32045652,43.85668795,166,0
1579,L3S,-79.26661387,43.84604114,64,0
1580,L3T,-79.39373458,43.81975849,134,0
1581,L3V,-79.42069273,44.60966285,155,0
1582,L3X,-79.47166579,44.03938299,176,0
1583,L3Y,-79.45915987,44.05881922,182,0
1584,L3Z,-79.57099177,44.11503006,81,0
1585,L4A,-79.25358606,43.98329116,104,0
1586,L4B,-79.40579249,43.85705586,67,0
1587,L4C,-79.44299209,43.8698747,203,0
1588,L4E,-79.46094641,43.9349438,153,0
1589,L4G,-79.46897492,43.99738957,245,0
1590,L4H,-79.59351644,43.82057318,171,0
1591,L4J,-79.45419576,43.8136494,242,0
1592,L4K,-79.49855573,43.8149634,53,0
1593,L4L,-79.58037011,43.79639442,193,0
1594,L4M,-79.67161049,44.39819879,250,0
1595,L4N,-79.69474441,44.36562476,585,0
1596,L4P,-79.458209,44.22271722,133,0
1597,L4R,-79.88468007,44.74949123,71,0
1598,L4S,-79.42716582,43.89537918,80,0
1599,L4T,-79.64010474,43.72074763,36,0
1600,L4V,-79.61321212,43.6946995,4,0
1601,L4W,-79.61022083,43.63174125,75,0
1602,L4X,-79.58581093,43.62054512,39,0
1603,L4Y,-79.59301342,43.60573876,63,0
1604,L4Z,-79.64559954,43.61255217,63,0
1605,L5A,-79.6131689,43.58970186,86,0
1606,L5B,-79.63252348,43.57925113,94,0
1607,L5C,-79.65032733,43.56260587,74,0
1608,L5E,-79.56300442,43.58280369,49,0
1609,L5G,-79.58182229,43.56377195,89,0
1610,L5H,-79.61264629,43.54049838,94,0
1611,L5J,-79.63547146,43.51684306,128,0
1612,L5K,-79.66467013,43.52743245,40,0
1613,L5L,-79.69123753,43.53863731,159,0
1614,L5M,-79.72317391,43.56524677,221,0
1615,L5N,-79.75927927,43.58486847,258,0
1616,L5P,-79.623774,43.690389,1,0
1617,L5R,-79.66594551,43.60155021,55,0
1618,L5S,-79.68206525,43.67130175,2,0
1619,L5T,-79.67758315,43.65280183,10,0
1620,L5V,-79.69310401,43.59764462,75,0
1621,L5W,-79.72236716,43.62997973,48,0
1622,L6A,-79.49962216,43.87779024,237,0
1623,L6B,-79.24873823,43.88450521,58,0
1624,L6C,-79.33004554,43.88807393,71,0
1625,L6E,-79.26818564,43.8945351,64,0
1626,L6H,-79.70675126,43.4757576,260,0
1627,L6J,-79.6591075,43.47049583,163,0
1628,L6K,-79.68836424,43.43484098,63,0
1629,L6L,-79.71245951,43.40557159,142,0
1630,L6M,-79.73913158,43.44096199,263,0
1631,L6P,-79.71105745,43.77382959,102,0
1632,L6R,-79.74907143,43.75266949,98,0
1633,L6S,-79.73405151,43.73195284,150,0
1634,L6T,-79.70437872,43.71739146,82,0
1635,L6V,-79.76317986,43.70608451,98,0
1636,L6W,-79.73709031,43.67891666,67,0
1637,L6X,-79.7858842,43.68229156,114,0
1638,L6Y,-79.75164295,43.65934904,131,0
1639,L6Z,-79.79546202,43.72598398,111,0
1640,L7A,-79.82244686,43.70190605,130,0
1641,L7B,-79.5276268,43.9362519,49,0
1642,L7C,-79.86696913,43.80954955,77,0
1643,L7E,-79.75438859,43.89400601,183,0
1644,L7G,-79.90551125,43.645372,254,0
1645,L7J,-80.03665845,43.63688024,69,0
1646,L7K,-80.01534217,43.87740709,48,0
1647,L7L,-79.76423622,43.38100041,248,0
1648,L7M,-79.81485332,43.38038488,212,0
1649,L7N,-79.77941991,43.34732012,84,0
1650,L7P,-79.83414654,43.35749425,135,0
1651,L7R,-79.79632067,43.33360351,75,0
1652,L7S,-79.80819565,43.32425242,41,0
1653,L7T,-79.8439798,43.3092989,55,0
1654,L8E,-79.70284217,43.22452596,132,0
1655,L8G,-79.74790416,43.21735782,77,0
1656,L8H,-79.79344734,43.24873966,82,0
1657,L8J,-79.78289514,43.18937279,100,0
1658,L8K,-79.79898638,43.22462292,127,0
1659,L8L,-79.84392287,43.25799393,88,0
1660,L8M,-79.83727108,43.24648106,59,0
1661,L8N,-79.86216824,43.25653241,23,0
1662,L8P,-79.88121182,43.25193512,136,0
1663,L8R,-79.87843203,43.26235813,22,0
1664,L8S,-79.91576635,43.2575655,84,0
1665,L8T,-79.82797195,43.21866763,85,0
1666,L8V,-79.84880675,43.22843225,69,0
1667,L8W,-79.85253657,43.20063154,93,0
1668,L9A,-79.86903861,43.22982485,93,0
1669,L9B,-79.89562028,43.20645121,61,0
1670,L9C,-79.90753421,43.22933712,152,0
1671,L9G,-79.98456094,43.21663944,113,0
1672,L9H,-79.96241627,43.26697916,183,0
1673,L9K,-79.94855534,43.22303453,32,0
1674,L9L,-78.95300043,44.0998423,101,0
1675,L9M,-79.93006748,44.77632287,36,0
1676,L9N,-79.48883253,44.10717206,63,0
1677,L9P,-79.12557233,44.10886524,95,0
1678,L9R,-79.86496154,44.15296628,97,0
1679,L9S,-79.56083698,44.32376685,142,0
1680,L9T,-79.8642884,43.51752675,265,0
1681,L9V,-80.103073,43.941299,4,0
1682,L9W,-80.10546339,43.91565743,162,0
1683,L9Y,-80.22832262,44.49686279,141,0
1684,L9Z,-80.04058516,44.49664236,96,0
1685,M1B,-79.20649421,43.80403995,120,0
1686,M1C,-79.14953126,43.78592408,110,0
1687,M1E,-79.19116114,43.76606171,112,0
1688,M1G,-79.21575851,43.76888223,60,0
1689,M1H,-79.24040823,43.76845033,50,0
1690,M1J,-79.23172208,43.74628072,52,0
1691,M1K,-79.26285831,43.72977451,70,0
1692,M1L,-79.28425471,43.7066661,78,0
1693,M1M,-79.23218853,43.72529122,74,0
1694,M1N,-79.26852892,43.69200215,114,0
1695,M1P,-79.27102991,43.76039417,78,0
1696,M1R,-79.30308682,43.74786812,79,0
1697,M1S,-79.2728663,43.79371073,35,0
1698,M1T,-79.30585064,43.77886716,59,0
1699,M1V,-79.28344537,43.81658069,61,0
1700,M1W,-79.31975659,43.79794274,79,0
1701,M1X,-79.223374,43.82628292,18,0
1702,M2H,-79.36383861,43.80055021,40,0
1703,M2J,-79.34766419,43.78057221,118,0
1704,M2K,-79.38580328,43.77666673,85,0
1705,M2L,-79.38079685,43.75348441,52,0
1706,M2M,-79.40959807,43.79302496,58,0
1707,M2N,-79.41098628,43.76699791,177,0
1708,M2P,-79.39911125,43.7495095,39,0
1709,M2R,-79.43996825,43.77668745,79,0
1710,M3A,-79.33140487,43.75407073,106,0
1711,M3B,-79.35829769,43.74401869,53,0
1712,M3C,-79.33783886,43.72608423,79,0
1713,M3H,-79.44336164,43.74939618,151,0
1714,M3J,-79.49592975,43.75741521,43,0
1715,M3K,-79.46905811,43.73149092,34,0
1716,M3L,-79.50787373,43.73690465,35,0
1717,M3M,-79.49675021,43.72909621,48,0
1718,M3N,-79.51665867,43.75516125,42,0
1719,M4A,-79.31098359,43.72715281,41,0
1720,M4B,-79.30726704,43.70531154,64,0
1721,M4C,-79.31160992,43.69023144,194,0
1722,M4E,-79.29533005,43.67742009,181,0
1723,M4G,-79.37062506,43.70826904,123,0
1724,M4H,-79.34475116,43.70407266,29,0
1725,M4J,-79.33754863,43.68579963,184,0
1726,M4K,-79.35175768,43.67908763,182,0
1727,M4L,-79.31561262,43.67051778,236,0
1728,M4M,-79.34147782,43.66182674,125,0
1729,M4N,-79.39517859,43.72660622,94,0
1730,M4P,-79.3914157,43.71125538,108,0
1731,M4R,-79.405548,43.71355438,85,0
1732,M4S,-79.38809865,43.70260371,154,0
1733,M4T,-79.38565197,43.68902539,89,0
1734,M4V,-79.40138727,43.68642766,154,0
1735,M4W,-79.37953302,43.67789135,112,0
1736,M4X,-79.37113084,43.66729107,72,0
1737,M4Y,-79.38167982,43.66602579,138,0
1738,M5A,-79.36545438,43.655762,181,0
1739,M5B,-79.37766476,43.65831204,59,0
1740,M5C,-79.376237,43.6515221,33,0
1741,M5E,-79.37419018,43.64653927,47,0
1742,M5G,-79.38569338,43.65745618,45,0
1743,M5H,-79.3843517,43.64935726,39,0
1744,M5J,-79.38754851,43.64068563,102,0
1745,M5L,-79.537369,43.740352,1,0
1746,M5M,-79.41761146,43.73119777,224,0
1747,M5N,-79.41942977,43.71036068,112,0
1748,M5P,-79.41349396,43.69560612,162,0
1749,M5R,-79.39961299,43.67393803,158,0
1750,M5S,-79.40001036,43.66381448,94,0
1751,M5T,-79.3966077,43.65371301,82,0
1752,M5V,-79.39437298,43.64482941,298,0
1753,M5X,-79.382263,43.6493875,2,0
1754,M6A,-79.43903125,43.72373214,53,0
1755,M6B,-79.44235337,43.70818059,130,0
1756,M6C,-79.43007371,43.69076356,163,0
1757,M6E,-79.44733855,43.68621314,159,0
1758,M6G,-79.42044519,43.66754596,245,0
1759,M6H,-79.43616245,43.66393427,290,0
1760,M6J,-79.41659153,43.647546,209,0
1761,M6K,-79.42671647,43.64044597,229,0
1762,M6L,-79.48983701,43.71332935,33,0
1763,M6M,-79.48364717,43.69295126,95,0
1764,M6N,-79.47568515,43.67634015,157,0
1765,M6P,-79.46391237,43.6602539,197,0
1766,M6R,-79.44806591,43.6466294,160,0
1767,M6S,-79.48354998,43.6529663,213,0
1768,M8V,-79.49772907,43.61012422,143,0
1769,M8W,-79.5367199,43.60122193,94,0
1770,M8X,-79.51004023,43.65222568,72,0
1771,M8Y,-79.49684793,43.63436333,119,0
1772,M8Z,-79.51690316,43.63069288,97,0
1773,M9A,-79.52753228,43.66378483,128,0
1774,M9B,-79.5532455,43.65333868,123,0
1775,M9C,-79.57601195,43.64555074,118,0
1776,M9L,-79.56592999,43.75708225,29,0
1777,M9M,-79.54239,43.73988501,27,0
1778,M9N,-79.51683453,43.70463729,65,0
1779,M9P,-79.53220335,43.69190852,76,0
1780,M9R,-79.55600225,43.68618217,80,0
1781,M9V,-79.58325724,43.74327987,58,0
1782,M9W,-79.58059973,43.72289933,110,0
1783,N0A,-80.04860326,42.87284695,229,0
1784,N0B,-80.45483297,43.53996278,431,0
1785,N0C,-80.44394311,44.14486489,89,0
1786,N0E,-80.41766979,42.90845968,181,0
1787,N0G,-81.03578927,43.98869076,374,0
1788,N0H,-81.06431377,44.52695703,251,0
1789,N0J,-80.69336217,42.99861083,155,0
1790,N0K,-81.12336737,43.42704637,99,0
1791,N0L,-81.32519014,42.82369123,283,0
1792,N0M,-81.48659721,43.29301088,453,0
1793,N0N,-82.19311683,42.89881417,244,5
1794,N0P,-82.23058459,42.38615141,260,5
1795,N0R,-82.754524,42.211086,367,5
1796,N1A,-79.61468341,42.90381018,67,0
1797,N1C,-80.23953347,43.49936458,31,0
1798,N1E,-80.24113372,43.55885442,174,0
1799,N1G,-80.22580186,43.51718477,133,0
1800,N1H,-80.26914172,43.54085094,170,0
1801,N1K,-80.28825447,43.52570222,28,0
1802,N1L,-80.18803649,43.51274308,42,0
1803,N1M,-80.37698716,43.7069767,63,0
1804,N1P,-80.28719886,43.35255264,33,0
1805,N1R,-80.30614795,43.36359972,137,0
1806,N1S,-80.32951867,43.35199285,106,0
1807,N1T,-80.2880465,43.390892,40,0
1808,N2A,-80.43443629,43.43976594,81,0
1809,N2B,-80.44716705,43.45987275,63,0
1810,N2C,-80.45145894,43.42310647,45,0
1811,N2E,-80.49754866,43.41018032,113,0
1812,N2G,-80.49258292,43.44667101,64,0
1813,N2H,-80.48368501,43.45506276,90,0
1814,N2J,-80.51312934,43.47306286,74,0
1815,N2K,-80.4967202,43.49691709,131,0
1816,N2L,-80.53999645,43.46727798,98,0
1817,N2M,-80.50748104,43.43653022,104,0
1818,N2N,-80.54000549,43.42371032,95,0
1819,N2P,-80.42950116,43.39437331,78,0
1820,N2R,-80.4676187,43.41049544,39,0
1821,N2T,-80.56516799,43.45327653,69,0
1822,N2V,-80.57226902,43.48827682,57,0
1823,N2Z,-81.62731458,44.17313506,61,0
1824,N3A,-80.68861766,43.38759351,91,0
1825,N3B,-80.56405064,43.58587954,58,0
1826,N3C,-80.30597682,43.43071323,104,0
1827,N3E,-80.37426,43.4129935,2,0
1828,N3H,-80.35410946,43.39821587,82,0
1829,N3L,-80.38477315,43.1951442,91,0
1830,N3P,-80.23629001,43.18495171,42,0
1831,N3R,-80.2700061,43.17046105,133,0
1832,N3S,-80.24195222,43.14099785,89,0
1833,N3T,-80.28136025,43.13460484,125,0
1834,N3V,-80.2983764,43.1736541,18,0
1835,N3W,-79.94257775,43.0783126,101,0
1836,N3Y,-80.30802657,42.83545826,106,0
1837,N4B,-80.49411316,42.84619038,33,0
1838,N4G,-80.73477143,42.86756379,77,0
1839,N4K,-80.93950808,44.56908631,121,0
1840,N4L,-80.60633971,44.59625151,46,0
1841,N4N,-81.02424376,44.150662,61,0
1842,N4S,-80.74912842,43.13245869,176,0
1843,N4T,-80.72170834,43.15698741,49,0
1844,N4V,-80.7418644,43.11529725,7,0
1845,N4W,-80.9479914,43.73211942,53,0
1846,N4X,-81.12028877,43.27636022,47,0
1847,N4Z,-80.99470056,43.3652983,12,0
1848,N5A,-80.97946285,43.3721102,174,0
1849,N5C,-80.88380985,43.03815745,60,0
1850,N5H,-80.97788261,42.77730938,64,0
1851,N5L,-81.22180202,42.67091289,12,0
1852,N5P,-81.18422151,42.78829214,83,0
1853,N5R,-81.17601722,42.76857616,140,0
1854,N5V,-81.17575666,43.00863753,114,0
1855,N5W,-81.19167278,42.98881225,111,0
1856,N5X,-81.25589766,43.03219413,131,0
1857,N5Y,-81.23109986,43.01184962,111,0
1858,N5Z,-81.20586071,42.9691075,77,0
1859,N6A,-81.25320094,42.9951329,57,0
1860,N6B,-81.23922353,42.98522034,37,0
1861,N6C,-81.24323633,42.96200838,139,0
1862,N6E,-81.22359342,42.93602208,95,0
1863,N6G,-81.2985881,43.00831172,134,0
1864,N6H,-81.30612084,42.9800063,171,0
1865,N6J,-81.27581046,42.9569416,115,0
1866,N6K,-81.32475231,42.95544966,151,0
1867,N6L,-81.2472405,42.897636,11,0
1868,N6M,-81.17306621,42.96102897,36,0
1869,N6N,-81.19516143,42.91189085,6,0
1870,N6P,-81.30263116,42.91339982,42,0
1871,N7A,-81.70647355,43.73627217,58,0
1872,N7G,-81.62376997,42.96108605,82,0
1873,N7L,-82.19716791,42.41439715,96,5
1874,N7M,-82.1798007,42.39381937,111,5
1875,N7S,-82.36208687,42.98338821,138,5
1876,N7T,-82.38941467,42.97207261,99,5
1877,N7V,-82.386749,43.00051769,38,5
1878,N7W,-82.33428229,42.97087143,10,5
1879,N7X,-82.31098601,43.02384981,9,5
1880,N8A,-82.38643129,42.59207583,32,5
1881,N8H,-82.59400428,42.04450517,95,5
1882,N8M,-82.82048888,42.17198699,101,5
1883,N8N,-82.88188528,42.31268892,166,5
1884,N8P,-82.91096542,42.32458287,63,5
1885,N8R,-82.91310771,42.30609035,59,5
1886,N8S,-82.9496426,42.32827581,130,5
1887,N8T,-82.95536771,42.30527978,76,5
1888,N8W,-82.98550266,42.28935285,142,5
1889,N8X,-83.01802275,42.29832132,79,5
1890,N8Y,-82.98798124,42.31846876,80,5
1891,N9A,-83.02878537,42.31337478,84,5
1892,N9B,-83.05028346,42.29617751,47,5
1893,N9C,-83.06444909,42.28731936,43,5
1894,N9E,-83.02404618,42.26566371,120,5
1895,N9G,-82.99475204,42.2469938,81,5
1896,N9H,-83.03302643,42.24168512,51,5
1897,N9J,-83.08490606,42.23147917,144,5
1898,N9K,-82.86411012,42.29995607,21,5
1899,N9V,-83.09467355,42.11282929,136,5
1900,N9Y,-82.73620421,42.03497593,97,5
1901,P0A,-79.350283,45.60750925,77,0
1902,P0B,-79.4376968,45.151658,45,0
1903,P0C,-79.799747,45.10141033,16,0
1904,P0E,-79.70562267,45.01251067,10,0
1905,P0G,-79.986272,45.67788567,7,0
1906,P0H,-79.5465614,46.32877215,136,0
1907,P0J,-79.87164718,47.58405727,101,0
1908,P0K,-80.2328167,48.4335303,71,0
1909,P0L,-82.15947873,50.35857427,64,5
1910,P0M,-81.40147949,46.78335283,242,0
1911,P0N,-81.137635,48.4769766,80,0
1912,P0P,-82.23170594,45.94540856,95,5
1913,P0R,-83.63939414,46.277616,61,5
1914,P0S,-84.40558033,47.4023285,67,5
1915,P0T,-88.57129155,49.23419818,189,5
1916,P0V,-92.755784,51.50555027,52,5
1917,P0W,-94.0536864,48.8205058,20,5
1918,P0X,-94.38890167,49.582801,18,5
1919,P1A,-79.43641768,46.2836233,68,0
1920,P1B,-79.45763492,46.32343225,168,0
1921,P1C,-79.4384757,46.34177471,15,0
1922,P1H,-79.22069799,45.33060957,95,0
1923,P1L,-79.30477474,45.04161421,72,0
1924,P1P,-79.37326618,44.92101125,64,0
1925,P2A,-80.02981706,45.34981102,42,0
1926,P2B,-79.93003436,46.4207215,39,0
1927,P2N,-80.03433629,48.14639581,44,0
1928,P3A,-80.94573448,46.52217659,115,0
1929,P3B,-80.95065064,46.49218638,76,0
1930,P3C,-81.00865445,46.491899,67,0
1931,P3E,-80.99932262,46.4607751,118,0
1932,P3G,-81.01423858,46.40100225,16,0
1933,P3L,-80.86880726,46.55635308,41,0
1934,P3N,-81.0113079,46.61040124,39,0
1935,P3P,-80.9677607,46.65080787,82,0
1936,P3Y,-81.13997508,46.42683097,35,0
1937,P4N,-81.334883,48.48000322,166,0
1938,P4P,-81.34935152,48.49721158,39,0
1939,P4R,-81.37897915,48.47478531,32,0
1940,P5A,-82.64966469,46.37672,81,5
1941,P5E,-81.77306277,46.2561678,38,5
1942,P5N,-82.42100038,49.41683021,25,5
1943,P6A,-84.29183057,46.51741897,148,5
1944,P6B,-84.3129477,46.52438722,104,5
1945,P6C,-84.36875498,46.5383783,80,5
1946,P7A,-89.22222452,48.45421305,91,5
1947,P7B,-89.24747938,48.43358666,94,5
1948,P7C,-89.26950668,48.39249607,61,5
1949,P7E,-89.27421746,48.3730469,85,5
1950,P7G,-89.30858211,48.46390983,38,5
1951,P7J,-89.33158764,48.32009973,15,5
1952,P7K,-89.35856641,48.36887202,13,5
1953,P8N,-92.83491199,49.78058145,53,5
1954,P8T,-91.91267061,50.09733627,11,5
1955,P9A,-93.40325857,48.61358703,42,5
1956,P9N,-94.43336269,49.77857874,66,5
1957,R0A,-96.67665511,49.32655736,73,5
1958,R0B,-97.3358,55.11863464,53,5
1959,R0C,-97.68845096,50.76422125,108,5
1960,R0E,-96.30680616,50.32554168,76,5
1961,R0G,-98.11721604,49.38713702,110,5
1962,R0H,-98.407719,50.15534873,33,5
1963,R0J,-100.1109968,50.55384259,77,5
1964,R0K,-99.6457545,49.52993429,50,5
1965,R0L,-100.6351919,51.49875077,80,5
1966,R0M,-100.8361378,49.83798444,81,5
1967,R1A,-96.92655899,50.11383682,72,5
1968,R1N,-98.29521864,49.97051219,64,5
1969,R2C,-97.00336262,49.90289056,126,5
1970,R2E,-97.02182822,49.97541891,32,5
1971,R2G,-97.06528477,49.94152574,93,5
1972,R2H,-97.11924004,49.88459197,38,5
1973,R2J,-97.07553148,49.86422498,71,5
1974,R2K,-97.08629925,49.92084467,92,5
1975,R2L,-97.10373511,49.91064027,33,5
1976,R2M,-97.1117463,49.8438114,89,5
1977,R2N,-97.09440429,49.81549258,73,5
1978,R2P,-97.16424551,49.95357577,48,5
1979,R2R,-97.20735385,49.93886283,29,5
1980,R2V,-97.11711743,49.9485022,92,5
1981,R2W,-97.13290565,49.92333796,44,5
1982,R2X,-97.16933187,49.93286457,18,5
1983,R2Y,-97.29944799,49.89247808,48,5
1984,R3A,-97.14716062,49.90233336,5,5
1985,R3B,-97.143097,49.89615046,20,5
1986,R3C,-97.14513394,49.88604318,23,5
1987,R3E,-97.17386003,49.90611453,16,5
1988,R3G,-97.17517177,49.88679761,53,5
1989,R3H,-97.207166,49.89803,2,5
1990,R3J,-97.23985003,49.88073961,89,5
1991,R3K,-97.28986776,49.8753543,36,5
1992,R3L,-97.13844697,49.87110275,58,5
1993,R3M,-97.16560824,49.86513995,57,5
1994,R3N,-97.19379202,49.86681306,57,5
1995,R3P,-97.20564989,49.84861248,58,5
1996,R3R,-97.29085355,49.85710307,66,5
1997,R3T,-97.15150709,49.81499372,93,5
1998,R3V,-97.16292603,49.76624636,13,5
1999,R3W,-97.05122788,49.90991908,14,5
2000,R3X,-97.05932934,49.84830269,24,5
2001,R3Y,-97.20211697,49.81227911,29,5
2002,R4A,-97.11665446,50.00671551,13,5
2003,R4H,-97.38426634,49.86586034,5,5
2004,R4J,-97.418477,49.85786567,3,5
2005,R4K,-96.835926,49.62378,3,5
2006,R4L,-97.55065267,49.91975467,3,5
2007,R5A,-97.07826014,49.71003429,9,5
2008,R5G,-96.69876684,49.52993458,32,5
2009,R5H,-96.66738134,49.6646578,12,5
2010,R6M,-98.10799502,49.19324865,30,5
2011,R6W,-97.93331864,49.17810845,40,5
2012,R7A,-99.94351273,49.84176703,44,5
2013,R7B,-99.9788417,49.83900762,48,5
2014,R7C,-99.94638,49.874667,1,5
2015,R7N,-100.0455766,51.15175038,35,5
2016,R8A,-101.8565535,54.77050229,15,4
2017,R8N,-97.86618674,55.74329116,68,5
2018,R9A,-101.2851826,53.84002563,23,5
2019,S0A,-102.8919399,51.27529864,186,4
2020,S0C,-103.047161,49.3794809,76,2
2021,S0E,-103.6897747,52.98826729,122,4
2022,S0G,-103.9747959,50.52048281,206,4
2023,S0H,-106.3165714,50.07269783,85,4
2024,S0J,-105.7774092,54.30260647,110,4
2025,S0K,-106.1640286,52.28445162,253,4
2026,S0L,-108.575387,51.56387509,129,4
2027,S0M,-108.8660909,54.01979675,123,4
2028,S0N,-108.5989696,50.109893,99,4
2029,S0P,-102.6323895,54.8332055,5,4
2030,S2V,-104.952717,50.787234,1,4
2031,S3N,-102.4595146,51.2072954,73,2
2032,S4A,-102.9961493,49.14447392,63,2
2033,S4H,-103.8402423,49.66550245,54,4
2034,S4L,-104.5230191,50.44486914,14,4
2035,S4N,-104.5614485,50.45279714,97,4
2036,S4P,-104.6064831,50.44336726,38,4
2037,S4R,-104.62619,50.47969218,104,4
2038,S4S,-104.6235837,50.41526302,90,4
2039,S4T,-104.6472725,50.45734653,85,4
2040,S4V,-104.5444789,50.42928936,90,4
2041,S4X,-104.6704942,50.48937707,73,4
2042,S4Y,-104.645255,50.45890629,10,4
2043,S6H,-105.5512288,50.39581237,114,4
2044,S6J,-105.5432581,50.41837129,28,4
2045,S6K,-105.5852722,50.37914313,6,4
2046,S6V,-105.7394663,53.19426971,76,4
2047,S6X,-105.7056831,53.19140764,7,4
2048,S7H,-106.6171581,52.11466023,126,4
2049,S7J,-106.6229821,52.09788241,89,4
2050,S7K,-106.6370761,52.16345637,106,4
2051,S7L,-106.7050872,52.14357708,81,4
2052,S7M,-106.7133298,52.1181531,64,4
2053,S7N,-106.6023358,52.13587642,102,4
2054,S7R,-106.7020573,52.162411,4,4
2055,S7S,-106.5882027,52.15696535,22,4
2056,S7T,-106.6192161,52.10057878,9,4
2057,S7V,-106.5633142,52.10550256,21,4
2058,S7W,-106.5762811,52.15164845,15,4
2059,S9A,-108.2948753,52.78126632,58,4
2060,S9H,-107.7986354,50.28641442,61,4
2061,S9V,-109.9988671,53.27332883,34,4
2062,S9X,-108.4319117,54.12610087,40,4
2063,T0A,-111.9889294,54.2358398,191,4
2064,T0B,-111.5890578,53.08609952,164,4
2065,T0C,-113.2799505,52.6383062,95,4
2066,T0E,-115.2342809,53.57916526,99,4
2067,T0G,-114.60227,54.99420664,132,4
2068,T0H,-117.9121348,56.14039562,214,4
2069,T0J,-112.0910916,51.05935859,178,4
2070,T0K,-112.9689001,49.53560248,164,4
2071,T0L,-113.7733664,50.39399096,173,4
2072,T0M,-114.2000971,51.84172224,202,4
2073,T0P,-111.2833253,57.44909133,24,4
2074,T0V,-111.63294,59.868537,10,4
2075,T1A,-110.6811441,50.03604198,116,4
2076,T1B,-110.6610025,50.00529995,130,4
2077,T1C,-110.6749101,50.05826384,44,4
2078,T1G,-112.149686,49.78809881,31,4
2079,T1H,-112.8203273,49.71965773,81,4
2080,T1J,-112.837121,49.69271936,69,4
2081,T1K,-112.8541701,49.67432681,184,4
2082,T1L,-115.569694,51.1791696,33,4
2083,T1M,-112.6224903,49.72493671,18,4
2084,T1P,-113.3897441,51.05019849,56,4
2085,T1R,-111.8897644,50.57154298,37,4
2086,T1S,-113.966236,50.72240796,74,4
2087,T1V,-113.8720105,50.58167164,45,4
2088,T1W,-115.3445302,51.08147997,98,4
2089,T1X,-113.8304277,51.03218816,51,4
2090,T1Y,-113.9551672,51.07950664,79,4
2091,T2A,-113.9579108,51.05068129,94,4
2092,T2B,-113.9793232,51.0245729,49,4
2093,T2C,-114.0089251,50.9797193,66,4
2094,T2E,-114.0406623,51.06637939,116,4
2095,T2G,-114.0463737,51.03878579,59,4
2096,T2H,-114.05751,50.98749002,32,4
2097,T2J,-114.0392153,50.93858587,136,4
2098,T2K,-114.0719948,51.10326008,105,4
2099,T2L,-114.1218642,51.08868743,42,4
2100,T2M,-114.0816192,51.07170137,80,4
2101,T2N,-114.1081421,51.05781357,140,4
2102,T2P,-114.0695205,51.04812205,53,4
2103,T2R,-114.0759078,51.04090554,69,4
2104,T2S,-114.0721291,51.02497545,76,4
2105,T2T,-114.100565,51.02507117,174,4
2106,T2V,-114.0953168,50.98086641,98,4
2107,T2W,-114.1066095,50.94772686,136,4
2108,T2X,-114.0468247,50.90262072,113,4
2109,T2Y,-114.099662,50.9103221,144,4
2110,T2Z,-113.9757534,50.92059263,188,4
2111,T3A,-114.1395733,51.12728461,158,4
2112,T3B,-114.1988031,51.09177291,159,4
2113,T3C,-114.1339928,51.04563087,73,4
2114,T3E,-114.1369032,51.01840411,180,4
2115,T3G,-114.202141,51.13821254,227,4
2116,T3H,-114.1934835,51.04268046,302,4
2117,T3J,-113.9450394,51.11335712,87,4
2118,T3K,-114.0744257,51.14844187,175,4
2119,T3L,-114.2386177,51.12203399,168,4
2120,T3M,-113.9705063,50.88631924,61,4
2121,T3P,-114.1208855,51.17079445,13,4
2122,T3R,-114.1773121,51.12578012,38,4
2123,T3Z,-114.2864207,51.04923353,56,4
2124,T4A,-113.9871352,51.28152594,35,4
2125,T4B,-114.0448679,51.28932002,133,4
2126,T4C,-114.4518618,51.1803918,85,4
2127,T4E,-113.7739656,52.22721367,4,4
2128,T4G,-113.9566687,52.01967227,27,4
2129,T4H,-114.1142228,51.79295695,41,4
2130,T4J,-113.595244,52.6784081,43,4
2131,T4L,-113.7281268,52.46035198,65,4
2132,T4N,-113.8171344,52.26464902,93,4
2133,T4P,-113.8223355,52.29538983,59,4
2134,T4R,-113.7688415,52.25067427,104,4
2135,T4S,-114.0375043,52.2927273,69,4
2136,T4T,-114.9241786,52.37835641,55,4
2137,T4V,-112.8376309,53.01426609,105,4
2138,T4X,-113.4158131,53.35405033,55,4
2139,T5A,-113.4152125,53.59152317,75,4
2140,T5B,-113.4639361,53.56774173,26,4
2141,T5C,-113.4530965,53.60038597,34,4
2142,T5E,-113.4951901,53.59849751,79,4
2143,T5G,-113.4946062,53.57062952,18,4
2144,T5H,-113.496277,53.55049546,39,4
2145,T5J,-113.5027195,53.53688324,20,4
2146,T5K,-113.513387,53.53773838,99,4
2147,T5L,-113.5464048,53.57978654,41,4
2148,T5M,-113.5492203,53.56056942,54,4
2149,T5N,-113.5543676,53.54381334,49,4
2150,T5P,-113.5929717,53.54467025,41,4
2151,T5R,-113.5794797,53.51616646,75,4
2152,T5S,-113.6452014,53.55416653,18,4
2153,T5T,-113.6369718,53.51430287,148,4
2154,T5V,-113.5947647,53.58347033,4,4
2155,T5W,-113.4199083,53.569732,44,4
2156,T5X,-113.514953,53.61605048,88,4
2157,T5Y,-113.4089671,53.60559772,89,4
2158,T5Z,-113.4759448,53.61828469,57,4
2159,T6A,-113.4333644,53.54617896,43,4
2160,T6B,-113.4274802,53.52462717,42,4
2161,T6C,-113.4609664,53.52614467,68,4
2162,T6E,-113.4862244,53.51091084,92,4
2163,T6G,-113.5250967,53.51428861,65,4
2164,T6H,-113.532866,53.49221177,112,4
2165,T6J,-113.5216058,53.46081299,79,4
2166,T6K,-113.4517317,53.46348016,65,4
2167,T6L,-113.4129868,53.45796975,101,4
2168,T6M,-113.6348022,53.48634023,62,4
2169,T6N,-113.4872337,53.452323,6,4
2170,T6P,-113.3585605,53.50076704,9,4
2171,T6R,-113.580275,53.46442766,102,4
2172,T6T,-113.380162,53.47415638,21,4
2173,T6V,-113.5542432,53.61491902,40,4
2174,T6W,-113.5245935,53.42620726,44,4
2175,T6X,-113.4770712,53.43128795,30,4
2176,T7A,-114.9687038,53.22629512,68,4
2177,T7E,-116.4202967,53.58907968,35,4
2178,T7N,-114.4346003,54.12580647,30,4
2179,T7P,-113.8553321,54.15583838,32,4
2180,T7S,-115.669064,54.13623626,82,4
2181,T7V,-117.5702376,53.40498163,68,4
2182,T7X,-113.900984,53.54765671,118,4
2183,T7Y,-113.8442301,53.4238527,19,4
2184,T7Z,-114.0045474,53.52341655,56,4
2185,T8A,-113.2859525,53.52627842,150,4
2186,T8B,-113.2956061,53.49671105,22,4
2187,T8C,-113.203555,53.45672984,19,4
2188,T8E,-113.1097094,53.53056735,35,4
2189,T8G,-113.0591467,53.54329867,20,4
2190,T8H,-113.2714459,53.55195483,67,4
2191,T8L,-113.2187642,53.69596532,51,4
2192,T8N,-113.621356,53.6408654,229,4
2193,T8R,-113.6155897,53.76359616,39,4
2194,T8S,-117.2938939,56.23266615,38,4
2195,T8V,-118.7916127,55.16942482,104,4
2196,T8W,-118.8021087,55.14591469,79,4
2197,T8X,-118.7646041,55.18087452,44,4
2198,T9A,-113.3831207,52.96919451,38,4
2199,T9C,-112.0541648,53.4952335,16,4
2200,T9E,-113.5524526,53.2689593,89,4
2201,T9G,-113.7255487,53.35636377,22,4
2202,T9H,-111.3920896,56.707808,138,4
2203,T9J,-111.3755507,56.71303824,27,4
2204,T9K,-111.4720295,56.74275201,180,4
2205,T9M,-110.1934594,54.43892489,91,4
2206,T9N,-110.7297941,54.26233804,58,4
2207,T9S,-113.3184787,54.72893498,34,4
2208,T9V,-110.0191792,53.27154529,71,4
2209,T9W,-110.8458433,52.83501639,43,4
2210,T9X,-110.852438,53.354058,24,4
2211,V0A,-116.5264079,50.97429464,60,4
2212,V0B,-115.7510537,49.48258302,162,4
2213,V0C,-121.1180059,56.3557487,60,4
2214,V0E,-119.2675717,50.79669844,148,4
2215,V0G,-117.4240703,49.57650276,60,4
2216,V0H,-119.3156929,49.36758923,86,4
2217,V0J,-125.8025709,54.67067974,175,4
2218,V0K,-121.42718,51.30701247,66,4
2219,V0L,-123.022318,52.1766595,4,4
2220,V0M,-121.9340726,49.30173411,37,4
2221,V0N,-123.8872164,49.64651076,247,4
2222,V0P,-125.6310906,50.07560789,18,4
2223,V0R,-124.0684499,49.00611136,201,4
2224,V0T,-130.0189953,53.2298128,80,4
2225,V0V,-130.214,54.4030975,4,4
2226,V0W,-133.631242,59.480782,1,4
2227,V0X,-120.9697829,49.36278836,50,4
2228,V1A,-115.9696273,49.67788484,36,4
2229,V1B,-119.2304456,50.25152702,72,4
2230,V1C,-115.7623573,49.51138698,111,4
2231,V1E,-119.2789084,50.68085167,65,4
2232,V1G,-120.2437163,55.7607945,44,4
2233,V1H,-119.3595054,50.23993039,31,4
2234,V1J,-120.8381397,56.24687965,119,4
2235,V1K,-120.8081586,50.13068153,21,4
2236,V1L,-117.2854073,49.50280654,41,4
2237,V1M,-122.6274043,49.16599751,94,4
2238,V1N,-117.6314333,49.32246125,36,4
2239,V1P,-119.333047,49.89298841,12,4
2240,V1R,-117.6992938,49.09665367,49,4
2241,V1S,-120.3795474,50.64678978,26,4
2242,V1T,-119.2712552,50.26559085,62,4
2243,V1V,-119.4435026,49.92007382,31,4
2244,V1W,-119.4660991,49.82685023,54,4
2245,V1X,-119.3925229,49.89621919,44,4
2246,V1Y,-119.477142,49.88435541,87,4
2247,V1Z,-119.5457147,49.90492439,41,4
2248,V2A,-119.5811068,49.48423372,95,4
2249,V2B,-120.371541,50.72436294,74,4
2250,V2C,-120.2691394,50.66781709,62,4
2251,V2E,-120.3096806,50.65655057,24,4
2252,V2G,-122.1340036,52.13031852,71,4
2253,V2H,-120.3068125,50.74205843,11,4
2254,V2J,-122.4856235,52.97483895,76,4
2255,V2K,-122.7878626,53.98747572,71,4
2256,V2L,-122.7496406,53.90700403,22,4
2257,V2M,-122.7986116,53.92390845,66,4
2258,V2N,-122.772275,53.8670848,78,4
2259,V2P,-121.9454604,49.17208184,75,4
2260,V2R,-121.9793135,49.10827056,118,4
2261,V2S,-122.2823912,49.04936219,102,4
2262,V2T,-122.3426463,49.0509775,69,4
2263,V2V,-122.3055985,49.14929228,116,4
2264,V2W,-122.527501,49.20049059,49,4
2265,V2X,-122.6161614,49.22122758,133,4
2266,V2Y,-122.6378519,49.12059423,54,4
2267,V2Z,-122.5954737,49.07019773,46,4
2268,V3A,-122.654642,49.08727931,103,4
2269,V3B,-122.767322,49.27757931,96,4
2270,V3C,-122.789301,49.25054098,88,4
2271,V3E,-122.790594,49.29707572,62,4
2272,V3G,-122.2316765,49.05811141,69,4
2273,V3H,-122.8471867,49.2901165,104,4
2274,V3J,-122.8674624,49.25857802,70,4
2275,V3K,-122.8493261,49.23997326,54,4
2276,V3L,-122.9037971,49.21952822,67,4
2277,V3M,-122.9296059,49.20160244,77,4
2278,V3N,-122.9268879,49.22708515,32,4
2279,V3R,-122.8086074,49.1875646,72,4
2280,V3S,-122.760022,49.12362567,172,4
2281,V3T,-122.8502243,49.18695496,19,4
2282,V3V,-122.8650552,49.17738691,17,4
2283,V3W,-122.8574837,49.13664602,62,4
2284,V3X,-122.8638741,49.11292904,27,4
2285,V3Y,-122.6870814,49.22376336,55,4
2286,V3Z,-122.6281755,49.229347,2,4
2287,V4A,-122.8243175,49.03532697,91,4
2288,V4B,-122.8051062,49.02612934,61,4
2289,V4C,-122.9094879,49.15614683,64,4
2290,V4E,-122.9010926,49.1204857,18,4
2291,V4G,-123.019733,49.1355385,2,4
2292,V4K,-123.0746728,49.09009133,65,4
2293,V4L,-123.0576203,49.01872984,20,4
2294,V4M,-123.0832468,49.01618718,34,4
2295,V4N,-122.7523345,49.16345953,111,4
2296,V4P,-122.8218039,49.0564424,30,4
2297,V4R,-122.5703936,49.22877932,48,4
2298,V4S,-122.3634337,49.18874659,21,4
2299,V4T,-119.6327589,49.84321342,44,4
2300,V4V,-119.4022791,50.05938468,44,4
2301,V4W,-122.4892132,49.06502078,55,4
2302,V4X,-122.4076456,49.08439091,20,4
2303,V4Z,-121.8908752,49.12472981,11,4
2304,V5A,-122.9354442,49.26382955,56,4
2305,V5B,-122.9760848,49.27411489,49,4
2306,V5C,-123.0090921,49.2782309,64,4
2307,V5E,-122.9570808,49.22478406,35,4
2308,V5G,-122.9988887,49.24775232,42,4
2309,V5H,-123.0031349,49.23011681,34,4
2310,V5J,-122.9965629,49.21231584,31,4
2311,V5K,-123.0418736,49.28033241,64,4
2312,V5L,-123.0655919,49.27733349,57,4
2313,V5M,-123.0410697,49.2600922,30,4
2314,V5N,-123.0677272,49.25850438,114,4
2315,V5P,-123.0697717,49.22385518,49,4
2316,V5R,-123.0394874,49.23958416,49,4
2317,V5S,-123.039803,49.21856087,33,4
2318,V5T,-123.0932809,49.26126983,74,4
2319,V5V,-123.0914595,49.24881446,56,4
2320,V5W,-123.0903546,49.23322947,36,4
2321,V5X,-123.0937372,49.21712768,31,4
2322,V5Y,-123.1107161,49.25228027,40,4
2323,V5Z,-123.1195498,49.2555094,66,4
2324,V6A,-123.0930573,49.27916905,40,4
2325,V6B,-123.1164351,49.27855629,52,4
2326,V6C,-123.1178851,49.28564413,15,4
2327,V6E,-123.1304632,49.28367199,56,4
2328,V6G,-123.136358,49.28834154,60,4
2329,V6H,-123.1283229,49.25903368,60,4
2330,V6J,-123.1404682,49.26237144,81,4
2331,V6K,-123.1618631,49.26610921,91,4
2332,V6L,-123.1639443,49.24963381,31,4
2333,V6M,-123.151303,49.2339483,50,4
2334,V6N,-123.1798397,49.23417452,56,4
2335,V6P,-123.1384914,49.21459003,53,4
2336,V6R,-123.1956274,49.26521566,62,4
2337,V6S,-123.176606,49.24929865,31,4
2338,V6T,-123.2245633,49.26752007,42,4
2339,V6V,-123.0399074,49.18252713,22,4
2340,V6W,-123.09108,49.130944,1,4
2341,V6X,-123.1162733,49.18279509,22,4
2342,V6Y,-123.1272352,49.1593386,50,4
2343,V6Z,-123.124181,49.27570361,48,4
2344,V7A,-123.115792,49.13982481,28,4
2345,V7B,-123.1508696,49.18951758,4,4
2346,V7C,-123.1725054,49.1586762,48,4
2347,V7E,-123.1704381,49.13334396,81,4
2348,V7G,-122.9544411,49.31730466,38,4
2349,V7H,-122.9974258,49.31738903,52,4
2350,V7J,-123.0341539,49.32599684,60,4
2351,V7K,-123.0381932,49.3448654,50,4
2352,V7L,-123.0630152,49.31776594,74,4
2353,V7M,-123.0787221,49.3198174,57,4
2354,V7N,-123.0752648,49.33962726,41,4
2355,V7P,-123.1104093,49.32459269,39,4
2356,V7R,-123.1014038,49.34912925,62,4
2357,V7S,-123.1534457,49.34894936,31,4
2358,V7T,-123.1297387,49.30415431,12,4
2359,V7V,-123.1898595,49.33941271,39,4
2360,V7W,-123.2636954,49.36107209,38,4
2361,V7X,-123.120254,49.286077,1,4
2362,V7Y,-123.124712,49.2816675,2,4
2363,V8A,-124.517629,49.84100163,50,4
2364,V8B,-123.143633,49.73134522,16,4
2365,V8C,-128.6414659,54.06047321,35,4
2366,V8G,-128.5785273,54.51971458,50,4
2367,V8J,-130.312031,54.31440474,45,4
2368,V8K,-123.5155363,48.86065188,51,4
2369,V8L,-123.4233148,48.65035331,76,4
2370,V8M,-123.4316741,48.57940815,71,4
2371,V8N,-123.321702,48.4800592,78,4
2372,V8P,-123.3363589,48.45871499,45,4
2373,V8R,-123.3240404,48.4369614,80,4
2374,V8S,-123.3273027,48.4173177,60,4
2375,V8T,-123.3552027,48.43876171,55,4
2376,V8V,-123.363925,48.41689501,75,4
2377,V8W,-123.3646243,48.42845634,20,4
2378,V8X,-123.3673059,48.47321742,53,4
2379,V8Y,-123.3735663,48.51614699,40,4
2380,V8Z,-123.3976273,48.47329503,67,4
2381,V9A,-123.4009738,48.43831327,81,4
2382,V9B,-123.4792936,48.45366788,85,4
2383,V9C,-123.4969245,48.4142115,70,4
2384,V9E,-123.429567,48.51641815,22,4
2385,V9G,-124.0503006,49.1680854,51,4
2386,V9H,-125.2111547,49.94272869,46,4
2387,V9J,-125.0509388,49.76488402,34,4
2388,V9K,-124.4826657,49.34958248,55,4
2389,V9L,-123.69929,48.78420591,99,4
2390,V9M,-124.922681,49.68719243,79,4
2391,V9N,-124.9888123,49.69058924,104,4
2392,V9P,-124.305588,49.31875583,67,4
2393,V9R,-123.9591408,49.15998637,75,4
2394,V9S,-123.9645465,49.18573691,36,4
2395,V9T,-124.0185831,49.21884589,69,4
2396,V9V,-124.0344251,49.24133583,24,4
2397,V9W,-125.2416839,49.99817608,120,4
2398,V9X,-123.8874165,49.10510519,29,4
2399,V9Y,-124.8166037,49.25809891,95,4
2400,X0C,-94.08805167,62.746649,4,5
2401,X1A,-114.3891286,62.44900858,9,4
2402,Y0B,-138.717364,62.80776567,5,4
2403,Y1A,-135.1154477,60.750309,3,4
